Protein ID,Scientific Name,Lineage
A0A2K5WYE4,Macaca fascicularis,Eukaryota > Metazoa > Chordata > Craniata > Vertebrata > Euteleostomi > Mammalia > Eutheria > Euarchontoglires > Primates > Haplorrhini > Catarrhini > Cercopithecidae > Cercopithecinae > Macaca
G7N173,Macaca mulatta,Eukaryota > Metazoa > Chordata > Craniata > Vertebrata > Euteleostomi > Mammalia > Eutheria > Euarchontoglires > Primates > Haplorrhini > Catarrhini > Cercopithecidae > Cercopithecinae > Macaca
A0A8I5NTZ5,Papio anubis,Eukaryota > Metazoa > Chordata > Craniata > Vertebrata > Euteleostomi > Mammalia > Eutheria > Euarchontoglires > Primates > Haplorrhini > Catarrhini > Cercopithecidae > Cercopithecinae > Papio
G7PE15,Macaca fascicularis,Eukaryota > Metazoa > Chordata > Craniata > Vertebrata > Euteleostomi > Mammalia > Eutheria > Euarchontoglires > Primates > Haplorrhini > Catarrhini > Cercopithecidae > Cercopithecinae > Macaca
A0A8I5NC71,Papio anubis,Eukaryota > Metazoa > Chordata > Craniata > Vertebrata > Euteleostomi > Mammalia > Eutheria > Euarchontoglires > Primates > Haplorrhini > Catarrhini > Cercopithecidae > Cercopithecinae > Papio
L9L7D8,Tupaia chinensis,Eukaryota > Metazoa > Chordata > Craniata > Vertebrata > Euteleostomi > Mammalia > Eutheria > Euarchontoglires > Scandentia > Tupaiidae > Tupaia
G3IL04,Cricetulus griseus,Eukaryota > Metazoa > Chordata > Craniata > Vertebrata > Euteleostomi > Mammalia > Eutheria > Euarchontoglires > Glires > Rodentia > Myomorpha > Muroidea > Cricetidae > Cricetinae > Cricetulus
A0A2K6KT48,Rhinopithecus bieti,Eukaryota > Metazoa > Chordata > Craniata > Vertebrata > Euteleostomi > Mammalia > Eutheria > Euarchontoglires > Primates > Haplorrhini > Catarrhini > Cercopithecidae > Colobinae > Rhinopithecus
A0A6A1QFE0,Balaenoptera physalus,Eukaryota > Metazoa > Chordata > Craniata > Vertebrata > Euteleostomi > Mammalia > Eutheria > Laurasiatheria > Artiodactyla > Whippomorpha > Cetacea > Mysticeti > Balaenopteridae > Balaenoptera
A0A8J6A978,Galemys pyrenaicus,Eukaryota > Metazoa > Chordata > Craniata > Vertebrata > Euteleostomi > Mammalia > Eutheria > Laurasiatheria > Eulipotyphla > Talpidae > Galemys
A0A484H1I1,Sousa chinensis,Eukaryota > Metazoa > Chordata > Craniata > Vertebrata > Euteleostomi > Mammalia > Eutheria > Laurasiatheria > Artiodactyla > Whippomorpha > Cetacea > Odontoceti > Delphinidae > Sousa
A0A8I3S7X4,Canis lupus familiaris,Eukaryota > Metazoa > Chordata > Craniata > Vertebrata > Euteleostomi > Mammalia > Eutheria > Laurasiatheria > Carnivora > Caniformia > Canidae > Canis
A0AAW0IBB2,Myodes glareolus,Eukaryota > Metazoa > Chordata > Craniata > Vertebrata > Euteleostomi > Mammalia > Eutheria > Euarchontoglires > Glires > Rodentia > Myomorpha > Muroidea > Cricetidae > Arvicolinae > Myodes
A0A834AG98,Phyllostomus discolor,Eukaryota > Metazoa > Chordata > Craniata > Vertebrata > Euteleostomi > Mammalia > Eutheria > Laurasiatheria > Chiroptera > Yangochiroptera > Phyllostomidae > Phyllostominae > Phyllostomus
A0A8C9A781,Prolemur simus,Eukaryota > Metazoa > Chordata > Craniata > Vertebrata > Euteleostomi > Mammalia > Eutheria > Euarchontoglires > Primates > Strepsirrhini > Lemuriformes > Lemuridae > Prolemur
D2H719,Ailuropoda melanoleuca,Eukaryota > Metazoa > Chordata > Craniata > Vertebrata > Euteleostomi > Mammalia > Eutheria > Laurasiatheria > Carnivora > Caniformia > Ursidae > Ailuropoda
A0A673TL67,Suricata suricatta,Eukaryota > Metazoa > Chordata > Craniata > Vertebrata > Euteleostomi > Mammalia > Eutheria > Laurasiatheria > Carnivora > Feliformia > Herpestidae > Suricata
A0A673TJP2,Suricata suricatta,Eukaryota > Metazoa > Chordata > Craniata > Vertebrata > Euteleostomi > Mammalia > Eutheria > Laurasiatheria > Carnivora > Feliformia > Herpestidae > Suricata
A0AA40HLI9,Eptesicus nilssonii,Eukaryota > Metazoa > Chordata > Craniata > Vertebrata > Euteleostomi > Mammalia > Eutheria > Laurasiatheria > Chiroptera > Yangochiroptera > Vespertilionidae > Eptesicus
A0A2K6P6W8,Rhinopithecus roxellana,Eukaryota > Metazoa > Chordata > Craniata > Vertebrata > Euteleostomi > Mammalia > Eutheria > Euarchontoglires > Primates > Haplorrhini > Catarrhini > Cercopithecidae > Colobinae > Rhinopithecus
S7N728,Myotis brandtii,Eukaryota > Metazoa > Chordata > Craniata > Vertebrata > Euteleostomi > Mammalia > Eutheria > Laurasiatheria > Chiroptera > Yangochiroptera > Vespertilionidae > Myotis
A0A7J8DQM3,Molossus molossus,Eukaryota > Metazoa > Chordata > Craniata > Vertebrata > Euteleostomi > Mammalia > Eutheria > Laurasiatheria > Chiroptera > Yangochiroptera > Molossidae > Molossus
A0A8J6GRU4,Microtus ochrogaster,Eukaryota > Metazoa > Chordata > Craniata > Vertebrata > Euteleostomi > Mammalia > Eutheria > Euarchontoglires > Glires > Rodentia > Myomorpha > Muroidea > Cricetidae > Arvicolinae > Microtus
A0A6G1ADT5,Crocuta crocuta,Eukaryota > Metazoa > Chordata > Craniata > Vertebrata > Euteleostomi > Mammalia > Eutheria > Laurasiatheria > Carnivora > Feliformia > Hyaenidae > Crocuta
F6Q1W0,Sus scrofa,Eukaryota > Metazoa > Chordata > Craniata > Vertebrata > Euteleostomi > Mammalia > Eutheria > Laurasiatheria > Artiodactyla > Suina > Suidae > Sus
A0A7J7UY33,Rhinolophus ferrumequinum,Eukaryota > Metazoa > Chordata > Craniata > Vertebrata > Euteleostomi > Mammalia > Eutheria > Laurasiatheria > Chiroptera > Yinpterochiroptera > Rhinolophoidea > Rhinolophidae > Rhinolophinae > Rhinolophus
A0A5F5XSU9,Felis catus,Eukaryota > Metazoa > Chordata > Craniata > Vertebrata > Euteleostomi > Mammalia > Eutheria > Laurasiatheria > Carnivora > Feliformia > Felidae > Felinae > Felis
A0A2K6GY71,Propithecus coquereli,Eukaryota > Metazoa > Chordata > Craniata > Vertebrata > Euteleostomi > Mammalia > Eutheria > Euarchontoglires > Primates > Strepsirrhini > Lemuriformes > Indriidae > Propithecus
A0A8C9A1X9,Prolemur simus,Eukaryota > Metazoa > Chordata > Craniata > Vertebrata > Euteleostomi > Mammalia > Eutheria > Euarchontoglires > Primates > Strepsirrhini > Lemuriformes > Lemuridae > Prolemur
A0A8I3X8L3,Callithrix jacchus,Eukaryota > Metazoa > Chordata > Craniata > Vertebrata > Euteleostomi > Mammalia > Eutheria > Euarchontoglires > Primates > Haplorrhini > Platyrrhini > Cebidae > Callitrichinae > Callithrix > Callithrix
A0A8B6ZVP4,Orycteropus afer afer,Eukaryota > Metazoa > Chordata > Craniata > Vertebrata > Euteleostomi > Mammalia > Eutheria > Afrotheria > Tubulidentata > Orycteropodidae > Orycteropus
A0A667GS25,Lynx canadensis,Eukaryota > Metazoa > Chordata > Craniata > Vertebrata > Euteleostomi > Mammalia > Eutheria > Laurasiatheria > Carnivora > Feliformia > Felidae > Felinae > Lynx
A0A8C6DW71,Moschus moschiferus,Eukaryota > Metazoa > Chordata > Craniata > Vertebrata > Euteleostomi > Mammalia > Eutheria > Laurasiatheria > Artiodactyla > Ruminantia > Pecora > Moschidae > Moschus
A0A8C6DXA4,Moschus moschiferus,Eukaryota > Metazoa > Chordata > Craniata > Vertebrata > Euteleostomi > Mammalia > Eutheria > Laurasiatheria > Artiodactyla > Ruminantia > Pecora > Moschidae > Moschus
A0A2H4DGX9,Chaerephon plicatus,Eukaryota > Metazoa > Chordata > Craniata > Vertebrata > Euteleostomi > Mammalia > Eutheria > Laurasiatheria > Chiroptera > Yangochiroptera > Molossidae > Chaerephon
A0A2H4DGX0,Rhinopoma hardwickii,Eukaryota > Metazoa > Chordata > Craniata > Vertebrata > Euteleostomi > Mammalia > Eutheria > Laurasiatheria > Chiroptera > Yinpterochiroptera > Rhinolophoidea > Rhinopomatidae > Rhinopoma
A0A6P6HCQ7,Puma concolor,Eukaryota > Metazoa > Chordata > Craniata > Vertebrata > Euteleostomi > Mammalia > Eutheria > Laurasiatheria > Carnivora > Feliformia > Felidae > Felinae > Puma
A0A6P5P595,Mus caroli,Eukaryota > Metazoa > Chordata > Craniata > Vertebrata > Euteleostomi > Mammalia > Eutheria > Euarchontoglires > Glires > Rodentia > Myomorpha > Muroidea > Muridae > Murinae > Mus > Mus
A0A6P5P1Q8,Mus caroli,Eukaryota > Metazoa > Chordata > Craniata > Vertebrata > Euteleostomi > Mammalia > Eutheria > Euarchontoglires > Glires > Rodentia > Myomorpha > Muroidea > Muridae > Murinae > Mus > Mus
A0A6P5NW80,Mus caroli,Eukaryota > Metazoa > Chordata > Craniata > Vertebrata > Euteleostomi > Mammalia > Eutheria > Euarchontoglires > Glires > Rodentia > Myomorpha > Muroidea > Muridae > Murinae > Mus > Mus
A0A1U7R162,Mesocricetus auratus,Eukaryota > Metazoa > Chordata > Craniata > Vertebrata > Euteleostomi > Mammalia > Eutheria > Euarchontoglires > Glires > Rodentia > Myomorpha > Muroidea > Cricetidae > Cricetinae > Mesocricetus
I3MCH2,Ictidomys tridecemlineatus,Eukaryota > Metazoa > Chordata > Craniata > Vertebrata > Euteleostomi > Mammalia > Eutheria > Euarchontoglires > Glires > Rodentia > Sciuromorpha > Sciuridae > Xerinae > Marmotini > Ictidomys
A0A7N5P8I4,Ailuropoda melanoleuca,Eukaryota > Metazoa > Chordata > Craniata > Vertebrata > Euteleostomi > Mammalia > Eutheria > Laurasiatheria > Carnivora > Caniformia > Ursidae > Ailuropoda
A0A6P3Q3U6,Pteropus vampyrus,Eukaryota > Metazoa > Chordata > Craniata > Vertebrata > Euteleostomi > Mammalia > Eutheria > Laurasiatheria > Chiroptera > Yinpterochiroptera > Pteropodoidea > Pteropodidae > Pteropodinae > Pteropus
A0A8C6DYS4,Moschus moschiferus,Eukaryota > Metazoa > Chordata > Craniata > Vertebrata > Euteleostomi > Mammalia > Eutheria > Laurasiatheria > Artiodactyla > Ruminantia > Pecora > Moschidae > Moschus
A0A7N4PU06,Sarcophilus harrisii,Eukaryota > Metazoa > Chordata > Craniata > Vertebrata > Euteleostomi > Mammalia > Metatheria > Dasyuromorphia > Dasyuridae > Sarcophilus
G3VL97,Sarcophilus harrisii,Eukaryota > Metazoa > Chordata > Craniata > Vertebrata > Euteleostomi > Mammalia > Metatheria > Dasyuromorphia > Dasyuridae > Sarcophilus
A0A8C6ID10,Mus spicilegus,Eukaryota > Metazoa > Chordata > Craniata > Vertebrata > Euteleostomi > Mammalia > Eutheria > Euarchontoglires > Glires > Rodentia > Myomorpha > Muroidea > Muridae > Murinae > Mus > Mus
A0A1A6GG41,Neotoma lepida,Eukaryota > Metazoa > Chordata > Craniata > Vertebrata > Euteleostomi > Mammalia > Eutheria > Euarchontoglires > Glires > Rodentia > Myomorpha > Muroidea > Cricetidae > Neotominae > Neotoma
A0A4U1FGE4,Monodon monoceros,Eukaryota > Metazoa > Chordata > Craniata > Vertebrata > Euteleostomi > Mammalia > Eutheria > Laurasiatheria > Artiodactyla > Whippomorpha > Cetacea > Odontoceti > Monodontidae > Monodon
A0A5J5MTJ7,Muntiacus reevesi,Eukaryota > Metazoa > Chordata > Craniata > Vertebrata > Euteleostomi > Mammalia > Eutheria > Laurasiatheria > Artiodactyla > Ruminantia > Pecora > Cervidae > Muntiacinae > Muntiacus
P00591,Sus scrofa,Eukaryota > Metazoa > Chordata > Craniata > Vertebrata > Euteleostomi > Mammalia > Eutheria > Laurasiatheria > Artiodactyla > Suina > Suidae > Sus
P29183,Equus caballus,Eukaryota > Metazoa > Chordata > Craniata > Vertebrata > Euteleostomi > Mammalia > Eutheria > Laurasiatheria > Perissodactyla > Equidae > Equus
A0A2I3SIA7,Pan troglodytes,Eukaryota > Metazoa > Chordata > Craniata > Vertebrata > Euteleostomi > Mammalia > Eutheria > Euarchontoglires > Primates > Haplorrhini > Catarrhini > Hominidae > Pan
A0A6P5KEE3,Phascolarctos cinereus,Eukaryota > Metazoa > Chordata > Craniata > Vertebrata > Euteleostomi > Mammalia > Metatheria > Diprotodontia > Phascolarctidae > Phascolarctos
A0A485MX41,Lynx pardinus,Eukaryota > Metazoa > Chordata > Craniata > Vertebrata > Euteleostomi > Mammalia > Eutheria > Laurasiatheria > Carnivora > Feliformia > Felidae > Felinae > Lynx
A0A2H4DGY0,Myotis ricketti,Eukaryota > Metazoa > Chordata > Craniata > Vertebrata > Euteleostomi > Mammalia > Eutheria > Laurasiatheria > Chiroptera > Yangochiroptera > Vespertilionidae > Myotis
A0A8D0NBL3,Sus scrofa,Eukaryota > Metazoa > Chordata > Craniata > Vertebrata > Euteleostomi > Mammalia > Eutheria > Laurasiatheria > Artiodactyla > Suina > Suidae > Sus
A0A8D0X2M3,Sus scrofa,Eukaryota > Metazoa > Chordata > Craniata > Vertebrata > Euteleostomi > Mammalia > Eutheria > Laurasiatheria > Artiodactyla > Suina > Suidae > Sus
A0A8C6DX17,Moschus moschiferus,Eukaryota > Metazoa > Chordata > Craniata > Vertebrata > Euteleostomi > Mammalia > Eutheria > Laurasiatheria > Artiodactyla > Ruminantia > Pecora > Moschidae > Moschus
A0A2K5ZRA1,Mandrillus leucophaeus,Eukaryota > Metazoa > Chordata > Craniata > Vertebrata > Euteleostomi > Mammalia > Eutheria > Euarchontoglires > Primates > Haplorrhini > Catarrhini > Cercopithecidae > Cercopithecinae > Mandrillus
A0A5F9DS86,Oryctolagus cuniculus,Eukaryota > Metazoa > Chordata > Craniata > Vertebrata > Euteleostomi > Mammalia > Eutheria > Euarchontoglires > Glires > Lagomorpha > Leporidae > Oryctolagus
D2H718,Ailuropoda melanoleuca,Eukaryota > Metazoa > Chordata > Craniata > Vertebrata > Euteleostomi > Mammalia > Eutheria > Laurasiatheria > Carnivora > Caniformia > Ursidae > Ailuropoda
A0A8C0TUS6,Canis lupus familiaris,Eukaryota > Metazoa > Chordata > Craniata > Vertebrata > Euteleostomi > Mammalia > Eutheria > Laurasiatheria > Carnivora > Caniformia > Canidae > Canis
A0A8B7H2T0,Microcebus murinus,Eukaryota > Metazoa > Chordata > Craniata > Vertebrata > Euteleostomi > Mammalia > Eutheria > Euarchontoglires > Primates > Strepsirrhini > Lemuriformes > Cheirogaleidae > Microcebus
A0A8I5N2S9,Papio anubis,Eukaryota > Metazoa > Chordata > Craniata > Vertebrata > Euteleostomi > Mammalia > Eutheria > Euarchontoglires > Primates > Haplorrhini > Catarrhini > Cercopithecidae > Cercopithecinae > Papio
A0A8C0TW84,Canis lupus familiaris,Eukaryota > Metazoa > Chordata > Craniata > Vertebrata > Euteleostomi > Mammalia > Eutheria > Laurasiatheria > Carnivora > Caniformia > Canidae > Canis
G1M5V0,Ailuropoda melanoleuca,Eukaryota > Metazoa > Chordata > Craniata > Vertebrata > Euteleostomi > Mammalia > Eutheria > Laurasiatheria > Carnivora > Caniformia > Ursidae > Ailuropoda
A0A7J7TUE1,Myotis myotis,Eukaryota > Metazoa > Chordata > Craniata > Vertebrata > Euteleostomi > Mammalia > Eutheria > Laurasiatheria > Chiroptera > Yangochiroptera > Vespertilionidae > Myotis
M3XWF6,Mustela putorius furo,Eukaryota > Metazoa > Chordata > Craniata > Vertebrata > Euteleostomi > Mammalia > Eutheria > Laurasiatheria > Carnivora > Caniformia > Musteloidea > Mustelidae > Mustelinae > Mustela
A0A2K6QZP6,Rhinopithecus roxellana,Eukaryota > Metazoa > Chordata > Craniata > Vertebrata > Euteleostomi > Mammalia > Eutheria > Euarchontoglires > Primates > Haplorrhini > Catarrhini > Cercopithecidae > Colobinae > Rhinopithecus
A0A8I5R7S3,Papio anubis,Eukaryota > Metazoa > Chordata > Craniata > Vertebrata > Euteleostomi > Mammalia > Eutheria > Euarchontoglires > Primates > Haplorrhini > Catarrhini > Cercopithecidae > Cercopithecinae > Papio
A0A8U0SV13,Mustela putorius furo,Eukaryota > Metazoa > Chordata > Craniata > Vertebrata > Euteleostomi > Mammalia > Eutheria > Laurasiatheria > Carnivora > Caniformia > Musteloidea > Mustelidae > Mustelinae > Mustela
A0A8C0TS39,Canis lupus familiaris,Eukaryota > Metazoa > Chordata > Craniata > Vertebrata > Euteleostomi > Mammalia > Eutheria > Laurasiatheria > Carnivora > Caniformia > Canidae > Canis
A0A2H4DGX1,Miniopterus schreibersii,Eukaryota > Metazoa > Chordata > Craniata > Vertebrata > Euteleostomi > Mammalia > Eutheria > Laurasiatheria > Chiroptera > Yangochiroptera > Miniopteridae > Miniopterus
A0A7J7VCF7,Pipistrellus kuhlii,Eukaryota > Metazoa > Chordata > Craniata > Vertebrata > Euteleostomi > Mammalia > Eutheria > Laurasiatheria > Chiroptera > Yangochiroptera > Vespertilionidae > Pipistrellus
A0A8C4JV84,Dromaius novaehollandiae,Eukaryota > Metazoa > Chordata > Craniata > Vertebrata > Euteleostomi > Archelosauria > Archosauria > Dinosauria > Saurischia > Theropoda > Coelurosauria > Aves > Palaeognathae > Casuariiformes > Dromaiidae > Dromaius
Q64425,Myocastor coypus,Eukaryota > Metazoa > Chordata > Craniata > Vertebrata > Euteleostomi > Mammalia > Eutheria > Euarchontoglires > Glires > Rodentia > Hystricomorpha > Myocastoridae > Myocastor
A0A8M1FB44,Ursus maritimus,Eukaryota > Metazoa > Chordata > Craniata > Vertebrata > Euteleostomi > Mammalia > Eutheria > Laurasiatheria > Carnivora > Caniformia > Ursidae > Ursus
A0A6P5KGR1,Phascolarctos cinereus,Eukaryota > Metazoa > Chordata > Craniata > Vertebrata > Euteleostomi > Mammalia > Metatheria > Diprotodontia > Phascolarctidae > Phascolarctos
G3IN33,Cricetulus griseus,Eukaryota > Metazoa > Chordata > Craniata > Vertebrata > Euteleostomi > Mammalia > Eutheria > Euarchontoglires > Glires > Rodentia > Myomorpha > Muroidea > Cricetidae > Cricetinae > Cricetulus
A0A8B8TWN4,Camelus ferus,Eukaryota > Metazoa > Chordata > Craniata > Vertebrata > Euteleostomi > Mammalia > Eutheria > Laurasiatheria > Artiodactyla > Tylopoda > Camelidae > Camelus
A0A6B0RNC4,Bos mutus,Eukaryota > Metazoa > Chordata > Craniata > Vertebrata > Euteleostomi > Mammalia > Eutheria > Laurasiatheria > Artiodactyla > Ruminantia > Pecora > Bovidae > Bovinae > Bos
A0A2H4DGW1,Rousettus leschenaultii,Eukaryota > Metazoa > Chordata > Craniata > Vertebrata > Euteleostomi > Mammalia > Eutheria > Laurasiatheria > Chiroptera > Yinpterochiroptera > Pteropodoidea > Pteropodidae > Rousettinae > Rousettus
A0A4X2M4Q8,Vombatus ursinus,Eukaryota > Metazoa > Chordata > Craniata > Vertebrata > Euteleostomi > Mammalia > Metatheria > Diprotodontia > Vombatidae > Vombatus
A0A6J3B108,Vicugna pacos,Eukaryota > Metazoa > Chordata > Craniata > Vertebrata > Euteleostomi > Mammalia > Eutheria > Laurasiatheria > Artiodactyla > Tylopoda > Camelidae > Vicugna
A0A6P5NX43,Mus caroli,Eukaryota > Metazoa > Chordata > Craniata > Vertebrata > Euteleostomi > Mammalia > Eutheria > Euarchontoglires > Glires > Rodentia > Myomorpha > Muroidea > Muridae > Murinae > Mus > Mus
G1Q859,Myotis lucifugus,Eukaryota > Metazoa > Chordata > Craniata > Vertebrata > Euteleostomi > Mammalia > Eutheria > Laurasiatheria > Chiroptera > Yangochiroptera > Vespertilionidae > Myotis
A0A6P3FYL2,Octodon degus,Eukaryota > Metazoa > Chordata > Craniata > Vertebrata > Euteleostomi > Mammalia > Eutheria > Euarchontoglires > Glires > Rodentia > Hystricomorpha > Octodontidae > Octodon
A0A8C8SGV1,Pelusios castaneus,Eukaryota > Metazoa > Chordata > Craniata > Vertebrata > Euteleostomi > Archelosauria > Testudinata > Testudines > Pleurodira > Pelomedusidae > Pelusios
A0A8D2AWI6,Sciurus vulgaris,Eukaryota > Metazoa > Chordata > Craniata > Vertebrata > Euteleostomi > Mammalia > Eutheria > Euarchontoglires > Glires > Rodentia > Sciuromorpha > Sciuridae > Sciurinae > Sciurini > Sciurus
A0A8C9NME9,Serinus canaria,Eukaryota > Metazoa > Chordata > Craniata > Vertebrata > Euteleostomi > Archelosauria > Archosauria > Dinosauria > Saurischia > Theropoda > Coelurosauria > Aves > Neognathae > Neoaves > Telluraves > Australaves > Passeriformes > Passeroidea > Fringillidae > Carduelinae > Serinus
A0A6J0DAD2,Peromyscus maniculatus bairdii,Eukaryota > Metazoa > Chordata > Craniata > Vertebrata > Euteleostomi > Mammalia > Eutheria > Euarchontoglires > Glires > Rodentia > Myomorpha > Muroidea > Cricetidae > Neotominae > Peromyscus
A0A5J5MQ09,Muntiacus reevesi,Eukaryota > Metazoa > Chordata > Craniata > Vertebrata > Euteleostomi > Mammalia > Eutheria > Laurasiatheria > Artiodactyla > Ruminantia > Pecora > Cervidae > Muntiacinae > Muntiacus
A0A151NUT3,Alligator mississippiensis,Eukaryota > Metazoa > Chordata > Craniata > Vertebrata > Euteleostomi > Archelosauria > Archosauria > Crocodylia > Alligatoridae > Alligatorinae > Alligator
D7EZN2,Sus scrofa,Eukaryota > Metazoa > Chordata > Craniata > Vertebrata > Euteleostomi > Mammalia > Eutheria > Laurasiatheria > Artiodactyla > Suina > Suidae > Sus
A0A6J0SH05,Pogona vitticeps,Eukaryota > Metazoa > Chordata > Craniata > Vertebrata > Euteleostomi > Lepidosauria > Squamata > Bifurcata > Unidentata > Episquamata > Toxicofera > Iguania > Acrodonta > Agamidae > Amphibolurinae > Pogona
A0A835ZK02,Ovis aries,Eukaryota > Metazoa > Chordata > Craniata > Vertebrata > Euteleostomi > Mammalia > Eutheria > Laurasiatheria > Artiodactyla > Ruminantia > Pecora > Bovidae > Caprinae > Ovis
A0AAX6SKE4,Heterocephalus glaber,Eukaryota > Metazoa > Chordata > Craniata > Vertebrata > Euteleostomi > Mammalia > Eutheria > Euarchontoglires > Glires > Rodentia > Hystricomorpha > Bathyergidae > Heterocephalus
A0A8C6JCI5,Melopsittacus undulatus,Eukaryota > Metazoa > Chordata > Craniata > Vertebrata > Euteleostomi > Archelosauria > Archosauria > Dinosauria > Saurischia > Theropoda > Coelurosauria > Aves > Neognathae > Neoaves > Telluraves > Australaves > Psittaciformes > Psittaculidae > Melopsittacus
A0A6J3DAP8,Aythya fuligula,Eukaryota > Metazoa > Chordata > Craniata > Vertebrata > Euteleostomi > Archelosauria > Archosauria > Dinosauria > Saurischia > Theropoda > Coelurosauria > Aves > Neognathae > Galloanserae > Anseriformes > Anatidae > Aythyinae > Aythya
U3JHR0,Ficedula albicollis,Eukaryota > Metazoa > Chordata > Craniata > Vertebrata > Euteleostomi > Archelosauria > Archosauria > Dinosauria > Saurischia > Theropoda > Coelurosauria > Aves > Neognathae > Neoaves > Telluraves > Australaves > Passeriformes > Muscicapidae > Ficedula
A0A8B9DW72,Anser cygnoides,Eukaryota > Metazoa > Chordata > Craniata > Vertebrata > Euteleostomi > Archelosauria > Archosauria > Dinosauria > Saurischia > Theropoda > Coelurosauria > Aves > Neognathae > Galloanserae > Anseriformes > Anatidae > Anserinae > Anser
R0LGX7,Anas platyrhynchos,Eukaryota > Metazoa > Chordata > Craniata > Vertebrata > Euteleostomi > Archelosauria > Archosauria > Dinosauria > Saurischia > Theropoda > Coelurosauria > Aves > Neognathae > Galloanserae > Anseriformes > Anatidae > Anatinae > Anas
A0A8D0NEY0,Sus scrofa,Eukaryota > Metazoa > Chordata > Craniata > Vertebrata > Euteleostomi > Mammalia > Eutheria > Laurasiatheria > Artiodactyla > Suina > Suidae > Sus
D2H720,Ailuropoda melanoleuca,Eukaryota > Metazoa > Chordata > Craniata > Vertebrata > Euteleostomi > Mammalia > Eutheria > Laurasiatheria > Carnivora > Caniformia > Ursidae > Ailuropoda
A0A5N4DIH0,Camelus dromedarius,Eukaryota > Metazoa > Chordata > Craniata > Vertebrata > Euteleostomi > Mammalia > Eutheria > Laurasiatheria > Artiodactyla > Tylopoda > Camelidae > Camelus
A0A7J7FJ21,Diceros bicornis minor,Eukaryota > Metazoa > Chordata > Craniata > Vertebrata > Euteleostomi > Mammalia > Eutheria > Laurasiatheria > Perissodactyla > Rhinocerotidae > Diceros
A0A8D0B817,Salvator merianae,Eukaryota > Metazoa > Chordata > Craniata > Vertebrata > Euteleostomi > Lepidosauria > Squamata > Bifurcata > Unidentata > Episquamata > Laterata > Teiioidea > Teiidae > Salvator
A0A8C9NX12,Spermophilus dauricus,Eukaryota > Metazoa > Chordata > Craniata > Vertebrata > Euteleostomi > Mammalia > Eutheria > Euarchontoglires > Glires > Rodentia > Sciuromorpha > Sciuridae > Xerinae > Marmotini > Spermophilus
A0A8I3Q8D7,Canis lupus familiaris,Eukaryota > Metazoa > Chordata > Craniata > Vertebrata > Euteleostomi > Mammalia > Eutheria > Laurasiatheria > Carnivora > Caniformia > Canidae > Canis
A0A8B9SP22,Anas platyrhynchos,Eukaryota > Metazoa > Chordata > Craniata > Vertebrata > Euteleostomi > Archelosauria > Archosauria > Dinosauria > Saurischia > Theropoda > Coelurosauria > Aves > Neognathae > Galloanserae > Anseriformes > Anatidae > Anatinae > Anas
A0A8D0BCA4,Salvator merianae,Eukaryota > Metazoa > Chordata > Craniata > Vertebrata > Euteleostomi > Lepidosauria > Squamata > Bifurcata > Unidentata > Episquamata > Laterata > Teiioidea > Teiidae > Salvator
A0A8B9ZC42,Anas platyrhynchos,Eukaryota > Metazoa > Chordata > Craniata > Vertebrata > Euteleostomi > Archelosauria > Archosauria > Dinosauria > Saurischia > Theropoda > Coelurosauria > Aves > Neognathae > Galloanserae > Anseriformes > Anatidae > Anatinae > Anas
A0A8B9SNJ9,Anas platyrhynchos,Eukaryota > Metazoa > Chordata > Craniata > Vertebrata > Euteleostomi > Archelosauria > Archosauria > Dinosauria > Saurischia > Theropoda > Coelurosauria > Aves > Neognathae > Galloanserae > Anseriformes > Anatidae > Anatinae > Anas
A0A8B9SNS4,Anas platyrhynchos,Eukaryota > Metazoa > Chordata > Craniata > Vertebrata > Euteleostomi > Archelosauria > Archosauria > Dinosauria > Saurischia > Theropoda > Coelurosauria > Aves > Neognathae > Galloanserae > Anseriformes > Anatidae > Anatinae > Anas
A0A5F9DLI7,Oryctolagus cuniculus,Eukaryota > Metazoa > Chordata > Craniata > Vertebrata > Euteleostomi > Mammalia > Eutheria > Euarchontoglires > Glires > Lagomorpha > Leporidae > Oryctolagus
A0A8C6CCG7,Monodon monoceros,Eukaryota > Metazoa > Chordata > Craniata > Vertebrata > Euteleostomi > Mammalia > Eutheria > Laurasiatheria > Artiodactyla > Whippomorpha > Cetacea > Odontoceti > Monodontidae > Monodon
U3IMH5,Anas platyrhynchos platyrhynchos,Eukaryota > Metazoa > Chordata > Craniata > Vertebrata > Euteleostomi > Archelosauria > Archosauria > Dinosauria > Saurischia > Theropoda > Coelurosauria > Aves > Neognathae > Galloanserae > Anseriformes > Anatidae > Anatinae > Anas
A0A8D0STB9,Sus scrofa,Eukaryota > Metazoa > Chordata > Craniata > Vertebrata > Euteleostomi > Mammalia > Eutheria > Laurasiatheria > Artiodactyla > Suina > Suidae > Sus
A0A670IEQ4,Podarcis muralis,Eukaryota > Metazoa > Chordata > Craniata > Vertebrata > Euteleostomi > Lepidosauria > Squamata > Bifurcata > Unidentata > Episquamata > Laterata > Lacertibaenia > Lacertidae > Podarcis
F7HM08,Macaca mulatta,Eukaryota > Metazoa > Chordata > Craniata > Vertebrata > Euteleostomi > Mammalia > Eutheria > Euarchontoglires > Primates > Haplorrhini > Catarrhini > Cercopithecidae > Cercopithecinae > Macaca
A0A8B9SNZ1,Anas platyrhynchos,Eukaryota > Metazoa > Chordata > Craniata > Vertebrata > Euteleostomi > Archelosauria > Archosauria > Dinosauria > Saurischia > Theropoda > Coelurosauria > Aves > Neognathae > Galloanserae > Anseriformes > Anatidae > Anatinae > Anas
A0A8B9BCE6,Anser brachyrhynchus,Eukaryota > Metazoa > Chordata > Craniata > Vertebrata > Euteleostomi > Archelosauria > Archosauria > Dinosauria > Saurischia > Theropoda > Coelurosauria > Aves > Neognathae > Galloanserae > Anseriformes > Anatidae > Anserinae > Anser
A0A8C4UDR5,Falco tinnunculus,Eukaryota > Metazoa > Chordata > Craniata > Vertebrata > Euteleostomi > Archelosauria > Archosauria > Dinosauria > Saurischia > Theropoda > Coelurosauria > Aves > Neognathae > Neoaves > Telluraves > Australaves > Falconiformes > Falconidae > Falco
A0A9F5IY26,Python bivittatus,Eukaryota > Metazoa > Chordata > Craniata > Vertebrata > Euteleostomi > Lepidosauria > Squamata > Bifurcata > Unidentata > Episquamata > Toxicofera > Serpentes > Henophidia > Pythonidae > Python
A0A6P8RB96,Geotrypetes seraphini,Eukaryota > Metazoa > Chordata > Craniata > Vertebrata > Euteleostomi > Amphibia > Gymnophiona > Geotrypetes
K7F9P9,Pelodiscus sinensis,Eukaryota > Metazoa > Chordata > Craniata > Vertebrata > Euteleostomi > Archelosauria > Testudinata > Testudines > Cryptodira > Trionychia > Trionychidae > Pelodiscus
A0A8C3K382,Calidris pygmaea,Eukaryota > Metazoa > Chordata > Craniata > Vertebrata > Euteleostomi > Archelosauria > Archosauria > Dinosauria > Saurischia > Theropoda > Coelurosauria > Aves > Neognathae > Neoaves > Charadriiformes > Scolopacidae > Calidris
A0A8C8BH30,Otus sunia,Eukaryota > Metazoa > Chordata > Craniata > Vertebrata > Euteleostomi > Archelosauria > Archosauria > Dinosauria > Saurischia > Theropoda > Coelurosauria > Aves > Neognathae > Neoaves > Telluraves > Strigiformes > Strigidae > Otus
A0AAV7QJ48,Pleurodeles waltl,Eukaryota > Metazoa > Chordata > Craniata > Vertebrata > Euteleostomi > Amphibia > Batrachia > Caudata > Salamandroidea > Salamandridae > Pleurodelinae > Pleurodeles
A0A1V4KIH0,Patagioenas fasciata monilis,Eukaryota > Metazoa > Chordata > Craniata > Vertebrata > Euteleostomi > Archelosauria > Archosauria > Dinosauria > Saurischia > Theropoda > Coelurosauria > Aves > Neognathae > Neoaves > Columbimorphae > Columbiformes > Columbidae > Patagioenas
A0A8C3K240,Calidris pygmaea,Eukaryota > Metazoa > Chordata > Craniata > Vertebrata > Euteleostomi > Archelosauria > Archosauria > Dinosauria > Saurischia > Theropoda > Coelurosauria > Aves > Neognathae > Neoaves > Charadriiformes > Scolopacidae > Calidris
A0AAF6YWC0,Bos taurus,Eukaryota > Metazoa > Chordata > Craniata > Vertebrata > Euteleostomi > Mammalia > Eutheria > Laurasiatheria > Artiodactyla > Ruminantia > Pecora > Bovidae > Bovinae > Bos
A0A8B9BC03,Anser brachyrhynchus,Eukaryota > Metazoa > Chordata > Craniata > Vertebrata > Euteleostomi > Archelosauria > Archosauria > Dinosauria > Saurischia > Theropoda > Coelurosauria > Aves > Neognathae > Galloanserae > Anseriformes > Anatidae > Anserinae > Anser
A0A5F9C5N6,Oryctolagus cuniculus,Eukaryota > Metazoa > Chordata > Craniata > Vertebrata > Euteleostomi > Mammalia > Eutheria > Euarchontoglires > Glires > Lagomorpha > Leporidae > Oryctolagus
A0A974CDJ7,Xenopus laevis,Eukaryota > Metazoa > Chordata > Craniata > Vertebrata > Euteleostomi > Amphibia > Batrachia > Anura > Pipoidea > Pipidae > Xenopodinae > Xenopus > Xenopus
Q0QJZ3,Gallus gallus,Eukaryota > Metazoa > Chordata > Craniata > Vertebrata > Euteleostomi > Archelosauria > Archosauria > Dinosauria > Saurischia > Theropoda > Coelurosauria > Aves > Neognathae > Galloanserae > Galliformes > Phasianidae > Phasianinae > Gallus
G1Q463,Myotis lucifugus,Eukaryota > Metazoa > Chordata > Craniata > Vertebrata > Euteleostomi > Mammalia > Eutheria > Laurasiatheria > Chiroptera > Yangochiroptera > Vespertilionidae > Myotis
A0A5J5MUN5,Muntiacus reevesi,Eukaryota > Metazoa > Chordata > Craniata > Vertebrata > Euteleostomi > Mammalia > Eutheria > Laurasiatheria > Artiodactyla > Ruminantia > Pecora > Cervidae > Muntiacinae > Muntiacus
A0A663EI10,Aquila chrysaetos chrysaetos,Eukaryota > Metazoa > Chordata > Craniata > Vertebrata > Euteleostomi > Archelosauria > Archosauria > Dinosauria > Saurischia > Theropoda > Coelurosauria > Aves > Neognathae > Neoaves > Telluraves > Accipitrimorphae > Accipitriformes > Accipitridae > Accipitrinae > Aquila
A0AAW1BFF5,Crotalus adamanteus,Eukaryota > Metazoa > Chordata > Craniata > Vertebrata > Euteleostomi > Lepidosauria > Squamata > Bifurcata > Unidentata > Episquamata > Toxicofera > Serpentes > Colubroidea > Viperidae > Crotalinae > Crotalus
A0A672TGA9,Strigops habroptila,Eukaryota > Metazoa > Chordata > Craniata > Vertebrata > Euteleostomi > Archelosauria > Archosauria > Dinosauria > Saurischia > Theropoda > Coelurosauria > Aves > Neognathae > Neoaves > Telluraves > Australaves > Psittaciformes > Psittacidae > Strigops
A0A4U1FFF4,Monodon monoceros,Eukaryota > Metazoa > Chordata > Craniata > Vertebrata > Euteleostomi > Mammalia > Eutheria > Laurasiatheria > Artiodactyla > Whippomorpha > Cetacea > Odontoceti > Monodontidae > Monodon
A0A670Y0D6,Pseudonaja textilis,Eukaryota > Metazoa > Chordata > Craniata > Vertebrata > Euteleostomi > Lepidosauria > Squamata > Bifurcata > Unidentata > Episquamata > Toxicofera > Serpentes > Colubroidea > Elapidae > Acanthophiinae > Pseudonaja
A0A8T2J545,Hymenochirus boettgeri,Eukaryota > Metazoa > Chordata > Craniata > Vertebrata > Euteleostomi > Amphibia > Batrachia > Anura > Pipoidea > Pipidae > Pipinae > Hymenochirus
M3XH31,Latimeria chalumnae,Eukaryota > Metazoa > Chordata > Craniata > Vertebrata > Euteleostomi > Coelacanthiformes > Coelacanthidae > Latimeria
H3A467,Latimeria chalumnae,Eukaryota > Metazoa > Chordata > Craniata > Vertebrata > Euteleostomi > Coelacanthiformes > Coelacanthidae > Latimeria
A0AAN7NBI6,Mycteria americana,Eukaryota > Metazoa > Chordata > Craniata > Vertebrata > Euteleostomi > Archelosauria > Archosauria > Dinosauria > Saurischia > Theropoda > Coelurosauria > Aves > Neognathae > Neoaves > Aequornithes > Ciconiiformes > Ciconiidae > Mycteria
A0A8B9FF32,Amazona collaria,Eukaryota > Metazoa > Chordata > Craniata > Vertebrata > Euteleostomi > Archelosauria > Archosauria > Dinosauria > Saurischia > Theropoda > Coelurosauria > Aves > Neognathae > Neoaves > Telluraves > Australaves > Psittaciformes > Psittacidae > Amazona
A0A8C0FJB3,Bubo bubo,Eukaryota > Metazoa > Chordata > Craniata > Vertebrata > Euteleostomi > Archelosauria > Archosauria > Dinosauria > Saurischia > Theropoda > Coelurosauria > Aves > Neognathae > Neoaves > Telluraves > Strigiformes > Strigidae > Bubo
A0A8D2PWL7,Zosterops lateralis melanops,Eukaryota > Metazoa > Chordata > Craniata > Vertebrata > Euteleostomi > Archelosauria > Archosauria > Dinosauria > Saurischia > Theropoda > Coelurosauria > Aves > Neognathae > Neoaves > Telluraves > Australaves > Passeriformes > Sylvioidea > Zosteropidae > Zosterops
A0AAV2ZMG3,Pyxicephalus adspersus,Eukaryota > Metazoa > Chordata > Craniata > Vertebrata > Euteleostomi > Amphibia > Batrachia > Anura > Neobatrachia > Ranoidea > Pyxicephalidae > Pyxicephalinae > Pyxicephalus
Q95KP4,Equus caballus,Eukaryota > Metazoa > Chordata > Craniata > Vertebrata > Euteleostomi > Mammalia > Eutheria > Laurasiatheria > Perissodactyla > Equidae > Equus
A0A3Q7T9P3,Vulpes vulpes,Eukaryota > Metazoa > Chordata > Craniata > Vertebrata > Euteleostomi > Mammalia > Eutheria > Laurasiatheria > Carnivora > Caniformia > Canidae > Vulpes
Q02157,Oryctolagus cuniculus,Eukaryota > Metazoa > Chordata > Craniata > Vertebrata > Euteleostomi > Mammalia > Eutheria > Euarchontoglires > Glires > Lagomorpha > Leporidae > Oryctolagus
A0A8C4MD08,Equus asinus asinus,Eukaryota > Metazoa > Chordata > Craniata > Vertebrata > Euteleostomi > Mammalia > Eutheria > Laurasiatheria > Perissodactyla > Equidae > Equus
A0A8C5QM22,Leptobrachium leishanense,Eukaryota > Metazoa > Chordata > Craniata > Vertebrata > Euteleostomi > Amphibia > Batrachia > Anura > Pelobatoidea > Megophryidae > Leptobrachium
F6R3G8,Ornithorhynchus anatinus,Eukaryota > Metazoa > Chordata > Craniata > Vertebrata > Euteleostomi > Mammalia > Monotremata > Ornithorhynchidae > Ornithorhynchus
A0A091DD10,Fukomys damarensis,Eukaryota > Metazoa > Chordata > Craniata > Vertebrata > Euteleostomi > Mammalia > Eutheria > Euarchontoglires > Glires > Rodentia > Hystricomorpha > Bathyergidae > Fukomys
A0A8D2J394,Varanus komodoensis,Eukaryota > Metazoa > Chordata > Craniata > Vertebrata > Euteleostomi > Lepidosauria > Squamata > Bifurcata > Unidentata > Episquamata > Toxicofera > Anguimorpha > Paleoanguimorpha > Varanoidea > Varanidae > Varanus
A0A8C4SVE5,Erpetoichthys calabaricus,Eukaryota > Metazoa > Chordata > Craniata > Vertebrata > Euteleostomi > Actinopterygii > Polypteriformes > Polypteridae > Erpetoichthys
A0A8C6ZWK4,Nothoprocta perdicaria,Eukaryota > Metazoa > Chordata > Craniata > Vertebrata > Euteleostomi > Archelosauria > Archosauria > Dinosauria > Saurischia > Theropoda > Coelurosauria > Aves > Palaeognathae > Tinamiformes > Tinamidae > Nothoprocta
A0A8C3U684,Catharus ustulatus,Eukaryota > Metazoa > Chordata > Craniata > Vertebrata > Euteleostomi > Archelosauria > Archosauria > Dinosauria > Saurischia > Theropoda > Coelurosauria > Aves > Neognathae > Neoaves > Telluraves > Australaves > Passeriformes > Turdidae > Catharus
A0A9D3RIB9,Anguilla anguilla,Eukaryota > Metazoa > Chordata > Craniata > Vertebrata > Euteleostomi > Actinopterygii > Neopterygii > Teleostei > Anguilliformes > Anguillidae > Anguilla
A0A1B8XY34,Xenopus tropicalis,Eukaryota > Metazoa > Chordata > Craniata > Vertebrata > Euteleostomi > Amphibia > Batrachia > Anura > Pipoidea > Pipidae > Xenopodinae > Xenopus > Silurana
A0AAD1TCV3,Pelobates cultripes,Eukaryota > Metazoa > Chordata > Craniata > Vertebrata > Euteleostomi > Amphibia > Batrachia > Anura > Pelobatoidea > Pelobatidae > Pelobates
A0A8C5SZQ5,Malurus cyaneus samueli,Eukaryota > Metazoa > Chordata > Craniata > Vertebrata > Euteleostomi > Archelosauria > Archosauria > Dinosauria > Saurischia > Theropoda > Coelurosauria > Aves > Neognathae > Neoaves > Telluraves > Australaves > Passeriformes > Meliphagoidea > Maluridae > Malurus
A0A452T616,Ursus maritimus,Eukaryota > Metazoa > Chordata > Craniata > Vertebrata > Euteleostomi > Mammalia > Eutheria > Laurasiatheria > Carnivora > Caniformia > Ursidae > Ursus
A0A8X8BLW5,Polypterus senegalus,Eukaryota > Metazoa > Chordata > Craniata > Vertebrata > Euteleostomi > Actinopterygii > Polypteriformes > Polypteridae > Polypterus
A0A7M4EW05,Crocodylus porosus,Eukaryota > Metazoa > Chordata > Craniata > Vertebrata > Euteleostomi > Archelosauria > Archosauria > Crocodylia > Longirostres > Crocodylidae > Crocodylus
G1PRN3,Myotis lucifugus,Eukaryota > Metazoa > Chordata > Craniata > Vertebrata > Euteleostomi > Mammalia > Eutheria > Laurasiatheria > Chiroptera > Yangochiroptera > Vespertilionidae > Myotis
A0A6J2V7G5,Chanos chanos,Eukaryota > Metazoa > Chordata > Craniata > Vertebrata > Euteleostomi > Actinopterygii > Neopterygii > Teleostei > Ostariophysi > Gonorynchiformes > Chanidae > Chanos
A0A5E4CBK4,Marmota monax,Eukaryota > Metazoa > Chordata > Craniata > Vertebrata > Euteleostomi > Mammalia > Eutheria > Euarchontoglires > Glires > Rodentia > Sciuromorpha > Sciuridae > Xerinae > Marmotini > Marmota
A0A8C5QM69,Leptobrachium leishanense,Eukaryota > Metazoa > Chordata > Craniata > Vertebrata > Euteleostomi > Amphibia > Batrachia > Anura > Pelobatoidea > Megophryidae > Leptobrachium
A0A2L1IV10,Anguilla anguilla,Eukaryota > Metazoa > Chordata > Craniata > Vertebrata > Euteleostomi > Actinopterygii > Neopterygii > Teleostei > Anguilliformes > Anguillidae > Anguilla
A0A9Q1FIK2,Synaphobranchus kaupii,Eukaryota > Metazoa > Chordata > Craniata > Vertebrata > Euteleostomi > Actinopterygii > Neopterygii > Teleostei > Anguilliformes > Synaphobranchidae > Synaphobranchus
A0A8C0HMP5,Buteo japonicus,Eukaryota > Metazoa > Chordata > Craniata > Vertebrata > Euteleostomi > Archelosauria > Archosauria > Dinosauria > Saurischia > Theropoda > Coelurosauria > Aves > Neognathae > Neoaves > Telluraves > Accipitrimorphae > Accipitriformes > Accipitridae > Accipitrinae > Buteo
A0A8B9DUB2,Anser cygnoides,Eukaryota > Metazoa > Chordata > Craniata > Vertebrata > Euteleostomi > Archelosauria > Archosauria > Dinosauria > Saurischia > Theropoda > Coelurosauria > Aves > Neognathae > Galloanserae > Anseriformes > Anatidae > Anserinae > Anser
A0A835NJJ1,Lamprotornis superbus,Eukaryota > Metazoa > Chordata > Craniata > Vertebrata > Euteleostomi > Archelosauria > Archosauria > Dinosauria > Saurischia > Theropoda > Coelurosauria > Aves > Neognathae > Neoaves > Telluraves > Australaves > Passeriformes > Sturnidae > Lamprotornis
A0A669PWM5,Phasianus colchicus,Eukaryota > Metazoa > Chordata > Craniata > Vertebrata > Euteleostomi > Archelosauria > Archosauria > Dinosauria > Saurischia > Theropoda > Coelurosauria > Aves > Neognathae > Galloanserae > Galliformes > Phasianidae > Phasianinae > Phasianus
A0A9D3T660,Megalops atlanticus,Eukaryota > Metazoa > Chordata > Craniata > Vertebrata > Euteleostomi > Actinopterygii > Neopterygii > Teleostei > Elopiformes > Megalopidae > Megalops
A0A674JXW7,Terrapene triunguis,Eukaryota > Metazoa > Chordata > Craniata > Vertebrata > Euteleostomi > Archelosauria > Testudinata > Testudines > Cryptodira > Durocryptodira > Testudinoidea > Emydidae > Terrapene
A0A8C3FBK4,Chrysemys picta bellii,Eukaryota > Metazoa > Chordata > Craniata > Vertebrata > Euteleostomi > Archelosauria > Testudinata > Testudines > Cryptodira > Durocryptodira > Testudinoidea > Emydidae > Chrysemys
A0A8C5WI38,Leptobrachium leishanense,Eukaryota > Metazoa > Chordata > Craniata > Vertebrata > Euteleostomi > Amphibia > Batrachia > Anura > Pelobatoidea > Megophryidae > Leptobrachium
A0A8B9FIU8,Amazona collaria,Eukaryota > Metazoa > Chordata > Craniata > Vertebrata > Euteleostomi > Archelosauria > Archosauria > Dinosauria > Saurischia > Theropoda > Coelurosauria > Aves > Neognathae > Neoaves > Telluraves > Australaves > Psittaciformes > Psittacidae > Amazona
A0A6Q2XR15,Esox lucius,Eukaryota > Metazoa > Chordata > Craniata > Vertebrata > Euteleostomi > Actinopterygii > Neopterygii > Teleostei > Protacanthopterygii > Esociformes > Esocidae > Esox
A0A8C2UFN1,Coturnix japonica,Eukaryota > Metazoa > Chordata > Craniata > Vertebrata > Euteleostomi > Archelosauria > Archosauria > Dinosauria > Saurischia > Theropoda > Coelurosauria > Aves > Neognathae > Galloanserae > Galliformes > Phasianidae > Perdicinae > Coturnix
A0A2K6ETW3,Propithecus coquereli,Eukaryota > Metazoa > Chordata > Craniata > Vertebrata > Euteleostomi > Mammalia > Eutheria > Euarchontoglires > Primates > Strepsirrhini > Lemuriformes > Indriidae > Propithecus
A0A3L8SJC1,Chloebia gouldiae,Eukaryota > Metazoa > Chordata > Craniata > Vertebrata > Euteleostomi > Archelosauria > Archosauria > Dinosauria > Saurischia > Theropoda > Coelurosauria > Aves > Neognathae > Neoaves > Telluraves > Australaves > Passeriformes > Passeroidea > Passeridae > Chloebia
W5N013,Lepisosteus oculatus,Eukaryota > Metazoa > Chordata > Craniata > Vertebrata > Euteleostomi > Actinopterygii > Neopterygii > Holostei > Semionotiformes > Lepisosteidae > Lepisosteus
A0A8J7P2S0,Atractosteus spatula,Eukaryota > Metazoa > Chordata > Craniata > Vertebrata > Euteleostomi > Actinopterygii > Neopterygii > Holostei > Semionotiformes > Lepisosteidae > Atractosteus
A0A8C4BJP1,Denticeps clupeoides,Eukaryota > Metazoa > Chordata > Craniata > Vertebrata > Euteleostomi > Actinopterygii > Neopterygii > Teleostei > Clupei > Clupeiformes > Denticipitoidei > Denticipitidae > Denticeps
A0A663MVU0,Athene cunicularia,Eukaryota > Metazoa > Chordata > Craniata > Vertebrata > Euteleostomi > Archelosauria > Archosauria > Dinosauria > Saurischia > Theropoda > Coelurosauria > Aves > Neognathae > Neoaves > Telluraves > Strigiformes > Strigidae > Athene
A0A6P7YCQ7,Microcaecilia unicolor,Eukaryota > Metazoa > Chordata > Craniata > Vertebrata > Euteleostomi > Amphibia > Gymnophiona > Siphonopidae > Microcaecilia
A0A452T5F6,Ursus maritimus,Eukaryota > Metazoa > Chordata > Craniata > Vertebrata > Euteleostomi > Mammalia > Eutheria > Laurasiatheria > Carnivora > Caniformia > Ursidae > Ursus
A0A8C4BFV4,Denticeps clupeoides,Eukaryota > Metazoa > Chordata > Craniata > Vertebrata > Euteleostomi > Actinopterygii > Neopterygii > Teleostei > Clupei > Clupeiformes > Denticipitoidei > Denticipitidae > Denticeps
W5MTJ1,Lepisosteus oculatus,Eukaryota > Metazoa > Chordata > Craniata > Vertebrata > Euteleostomi > Actinopterygii > Neopterygii > Holostei > Semionotiformes > Lepisosteidae > Lepisosteus
A0A6Q2WXL7,Esox lucius,Eukaryota > Metazoa > Chordata > Craniata > Vertebrata > Euteleostomi > Actinopterygii > Neopterygii > Teleostei > Protacanthopterygii > Esociformes > Esocidae > Esox
A0AAV7QI37,Pleurodeles waltl,Eukaryota > Metazoa > Chordata > Craniata > Vertebrata > Euteleostomi > Amphibia > Batrachia > Caudata > Salamandroidea > Salamandridae > Pleurodelinae > Pleurodeles
G1Q7B4,Myotis lucifugus,Eukaryota > Metazoa > Chordata > Craniata > Vertebrata > Euteleostomi > Mammalia > Eutheria > Laurasiatheria > Chiroptera > Yangochiroptera > Vespertilionidae > Myotis
A0A6P7XZ18,Microcaecilia unicolor,Eukaryota > Metazoa > Chordata > Craniata > Vertebrata > Euteleostomi > Amphibia > Gymnophiona > Siphonopidae > Microcaecilia
A0A3B3SCA6,Paramormyrops kingsleyae,Eukaryota > Metazoa > Chordata > Craniata > Vertebrata > Euteleostomi > Actinopterygii > Neopterygii > Teleostei > Osteoglossocephala > Osteoglossomorpha > Osteoglossiformes > Mormyridae > Paramormyrops
A0A8C5T257,Malurus cyaneus samueli,Eukaryota > Metazoa > Chordata > Craniata > Vertebrata > Euteleostomi > Archelosauria > Archosauria > Dinosauria > Saurischia > Theropoda > Coelurosauria > Aves > Neognathae > Neoaves > Telluraves > Australaves > Passeriformes > Meliphagoidea > Maluridae > Malurus
A0A8C9SV74,Scleropages formosus,Eukaryota > Metazoa > Chordata > Craniata > Vertebrata > Euteleostomi > Actinopterygii > Neopterygii > Teleostei > Osteoglossocephala > Osteoglossomorpha > Osteoglossiformes > Osteoglossidae > Scleropages
A0A8C6J9C7,Melopsittacus undulatus,Eukaryota > Metazoa > Chordata > Craniata > Vertebrata > Euteleostomi > Archelosauria > Archosauria > Dinosauria > Saurischia > Theropoda > Coelurosauria > Aves > Neognathae > Neoaves > Telluraves > Australaves > Psittaciformes > Psittaculidae > Melopsittacus
V8P9Z4,Ophiophagus hannah,Eukaryota > Metazoa > Chordata > Craniata > Vertebrata > Euteleostomi > Lepidosauria > Squamata > Bifurcata > Unidentata > Episquamata > Toxicofera > Serpentes > Colubroidea > Elapidae > Elapinae > Ophiophagus
A0A8V0ZS99,Gallus gallus,Eukaryota > Metazoa > Chordata > Craniata > Vertebrata > Euteleostomi > Archelosauria > Archosauria > Dinosauria > Saurischia > Theropoda > Coelurosauria > Aves > Neognathae > Galloanserae > Galliformes > Phasianidae > Phasianinae > Gallus
A0A3Q1M7B8,Bos taurus,Eukaryota > Metazoa > Chordata > Craniata > Vertebrata > Euteleostomi > Mammalia > Eutheria > Laurasiatheria > Artiodactyla > Ruminantia > Pecora > Bovidae > Bovinae > Bos
A0A8C3K6G4,Calidris pygmaea,Eukaryota > Metazoa > Chordata > Craniata > Vertebrata > Euteleostomi > Archelosauria > Archosauria > Dinosauria > Saurischia > Theropoda > Coelurosauria > Aves > Neognathae > Neoaves > Charadriiformes > Scolopacidae > Calidris
A0A8C9TNS5,Scleropages formosus,Eukaryota > Metazoa > Chordata > Craniata > Vertebrata > Euteleostomi > Actinopterygii > Neopterygii > Teleostei > Osteoglossocephala > Osteoglossomorpha > Osteoglossiformes > Osteoglossidae > Scleropages
A0A8C9T6Y7,Scleropages formosus,Eukaryota > Metazoa > Chordata > Craniata > Vertebrata > Euteleostomi > Actinopterygii > Neopterygii > Teleostei > Osteoglossocephala > Osteoglossomorpha > Osteoglossiformes > Osteoglossidae > Scleropages
A0A8C3U6B4,Catharus ustulatus,Eukaryota > Metazoa > Chordata > Craniata > Vertebrata > Euteleostomi > Archelosauria > Archosauria > Dinosauria > Saurischia > Theropoda > Coelurosauria > Aves > Neognathae > Neoaves > Telluraves > Australaves > Passeriformes > Turdidae > Catharus
A0A8C9W6U8,Scleropages formosus,Eukaryota > Metazoa > Chordata > Craniata > Vertebrata > Euteleostomi > Actinopterygii > Neopterygii > Teleostei > Osteoglossocephala > Osteoglossomorpha > Osteoglossiformes > Osteoglossidae > Scleropages
A0A8C8TU32,Peromyscus maniculatus bairdii,Eukaryota > Metazoa > Chordata > Craniata > Vertebrata > Euteleostomi > Mammalia > Eutheria > Euarchontoglires > Glires > Rodentia > Myomorpha > Muroidea > Cricetidae > Neotominae > Peromyscus
A0A8C3FB97,Chrysemys picta bellii,Eukaryota > Metazoa > Chordata > Craniata > Vertebrata > Euteleostomi > Archelosauria > Testudinata > Testudines > Cryptodira > Durocryptodira > Testudinoidea > Emydidae > Chrysemys
A0A6I9LG01,Peromyscus maniculatus bairdii,Eukaryota > Metazoa > Chordata > Craniata > Vertebrata > Euteleostomi > Mammalia > Eutheria > Euarchontoglires > Glires > Rodentia > Myomorpha > Muroidea > Cricetidae > Neotominae > Peromyscus
A0A6Q2X3M5,Esox lucius,Eukaryota > Metazoa > Chordata > Craniata > Vertebrata > Euteleostomi > Actinopterygii > Neopterygii > Teleostei > Protacanthopterygii > Esociformes > Esocidae > Esox
A0A8C4YM37,Gopherus evgoodei,Eukaryota > Metazoa > Chordata > Craniata > Vertebrata > Euteleostomi > Archelosauria > Testudinata > Testudines > Cryptodira > Durocryptodira > Testudinoidea > Testudinidae > Gopherus
A0A6Q2Z7B4,Esox lucius,Eukaryota > Metazoa > Chordata > Craniata > Vertebrata > Euteleostomi > Actinopterygii > Neopterygii > Teleostei > Protacanthopterygii > Esociformes > Esocidae > Esox
A0A3M0KDY9,Hirundo rustica rustica,Eukaryota > Metazoa > Chordata > Craniata > Vertebrata > Euteleostomi > Archelosauria > Archosauria > Dinosauria > Saurischia > Theropoda > Coelurosauria > Aves > Neognathae > Neoaves > Telluraves > Australaves > Passeriformes > Sylvioidea > Hirundinidae > Hirundo
A0A8C3QA16,Geospiza parvula,Eukaryota > Metazoa > Chordata > Craniata > Vertebrata > Euteleostomi > Archelosauria > Archosauria > Dinosauria > Saurischia > Theropoda > Coelurosauria > Aves > Neognathae > Neoaves > Telluraves > Australaves > Passeriformes > Thraupidae > Camarhynchus
A0A8D1GEW7,Sus scrofa,Eukaryota > Metazoa > Chordata > Craniata > Vertebrata > Euteleostomi > Mammalia > Eutheria > Laurasiatheria > Artiodactyla > Suina > Suidae > Sus
A0A8D1GE19,Sus scrofa,Eukaryota > Metazoa > Chordata > Craniata > Vertebrata > Euteleostomi > Mammalia > Eutheria > Laurasiatheria > Artiodactyla > Suina > Suidae > Sus
A0A6Q2XW79,Esox lucius,Eukaryota > Metazoa > Chordata > Craniata > Vertebrata > Euteleostomi > Actinopterygii > Neopterygii > Teleostei > Protacanthopterygii > Esociformes > Esocidae > Esox
A0A6Q2XXJ8,Esox lucius,Eukaryota > Metazoa > Chordata > Craniata > Vertebrata > Euteleostomi > Actinopterygii > Neopterygii > Teleostei > Protacanthopterygii > Esociformes > Esocidae > Esox
A0A8C9T5Y7,Scleropages formosus,Eukaryota > Metazoa > Chordata > Craniata > Vertebrata > Euteleostomi > Actinopterygii > Neopterygii > Teleostei > Osteoglossocephala > Osteoglossomorpha > Osteoglossiformes > Osteoglossidae > Scleropages
A0A6Q2XEV2,Esox lucius,Eukaryota > Metazoa > Chordata > Craniata > Vertebrata > Euteleostomi > Actinopterygii > Neopterygii > Teleostei > Protacanthopterygii > Esociformes > Esocidae > Esox
A0A670IFD6,Podarcis muralis,Eukaryota > Metazoa > Chordata > Craniata > Vertebrata > Euteleostomi > Lepidosauria > Squamata > Bifurcata > Unidentata > Episquamata > Laterata > Lacertibaenia > Lacertidae > Podarcis
A0A8C6QBI0,Nannospalax galili,Eukaryota > Metazoa > Chordata > Craniata > Vertebrata > Euteleostomi > Mammalia > Eutheria > Euarchontoglires > Glires > Rodentia > Myomorpha > Muroidea > Spalacidae > Spalacinae > Nannospalax
A0A8B9L8J5,Astyanax mexicanus,Eukaryota > Metazoa > Chordata > Craniata > Vertebrata > Euteleostomi > Actinopterygii > Neopterygii > Teleostei > Ostariophysi > Characiformes > Characoidei > Characidae > Astyanax
A0A8C4BFP4,Denticeps clupeoides,Eukaryota > Metazoa > Chordata > Craniata > Vertebrata > Euteleostomi > Actinopterygii > Neopterygii > Teleostei > Clupei > Clupeiformes > Denticipitoidei > Denticipitidae > Denticeps
A0A8B9L0W5,Astyanax mexicanus,Eukaryota > Metazoa > Chordata > Craniata > Vertebrata > Euteleostomi > Actinopterygii > Neopterygii > Teleostei > Ostariophysi > Characiformes > Characoidei > Characidae > Astyanax
A0A8D2J7G3,Varanus komodoensis,Eukaryota > Metazoa > Chordata > Craniata > Vertebrata > Euteleostomi > Lepidosauria > Squamata > Bifurcata > Unidentata > Episquamata > Toxicofera > Anguimorpha > Paleoanguimorpha > Varanoidea > Varanidae > Varanus
A0AAD5F7U8,Silurus asotus,Eukaryota > Metazoa > Chordata > Craniata > Vertebrata > Euteleostomi > Actinopterygii > Neopterygii > Teleostei > Ostariophysi > Siluriformes > Siluridae > Silurus
A0A8B9L304,Astyanax mexicanus,Eukaryota > Metazoa > Chordata > Craniata > Vertebrata > Euteleostomi > Actinopterygii > Neopterygii > Teleostei > Ostariophysi > Characiformes > Characoidei > Characidae > Astyanax
A0A663EHZ9,Aquila chrysaetos chrysaetos,Eukaryota > Metazoa > Chordata > Craniata > Vertebrata > Euteleostomi > Archelosauria > Archosauria > Dinosauria > Saurischia > Theropoda > Coelurosauria > Aves > Neognathae > Neoaves > Telluraves > Accipitrimorphae > Accipitriformes > Accipitridae > Accipitrinae > Aquila
A0A8D2N207,Zonotrichia albicollis,Eukaryota > Metazoa > Chordata > Craniata > Vertebrata > Euteleostomi > Archelosauria > Archosauria > Dinosauria > Saurischia > Theropoda > Coelurosauria > Aves > Neognathae > Neoaves > Telluraves > Australaves > Passeriformes > Passerellidae > Zonotrichia
A0A401PCD4,Scyliorhinus torazame,Eukaryota > Metazoa > Chordata > Craniata > Vertebrata > Chondrichthyes > Elasmobranchii > Galeomorphii > Galeoidea > Carcharhiniformes > Scyliorhinidae > Scyliorhinus
G1PIA0,Myotis lucifugus,Eukaryota > Metazoa > Chordata > Craniata > Vertebrata > Euteleostomi > Mammalia > Eutheria > Laurasiatheria > Chiroptera > Yangochiroptera > Vespertilionidae > Myotis
A0A8K1LSV9,Zosterops borbonicus,Eukaryota > Metazoa > Chordata > Craniata > Vertebrata > Euteleostomi > Archelosauria > Archosauria > Dinosauria > Saurischia > Theropoda > Coelurosauria > Aves > Neognathae > Neoaves > Telluraves > Australaves > Passeriformes > Sylvioidea > Zosteropidae > Zosterops
A0A9D3SWB4,Hemibagrus wyckioides,Eukaryota > Metazoa > Chordata > Craniata > Vertebrata > Euteleostomi > Actinopterygii > Neopterygii > Teleostei > Ostariophysi > Siluriformes > Bagridae > Hemibagrus
A0A8C8SFA7,Pelusios castaneus,Eukaryota > Metazoa > Chordata > Craniata > Vertebrata > Euteleostomi > Archelosauria > Testudinata > Testudines > Pleurodira > Pelomedusidae > Pelusios
A0A4X2MFW2,Vombatus ursinus,Eukaryota > Metazoa > Chordata > Craniata > Vertebrata > Euteleostomi > Mammalia > Metatheria > Diprotodontia > Vombatidae > Vombatus
A0A4X2M4R3,Vombatus ursinus,Eukaryota > Metazoa > Chordata > Craniata > Vertebrata > Euteleostomi > Mammalia > Metatheria > Diprotodontia > Vombatidae > Vombatus
A0A8D2J807,Varanus komodoensis,Eukaryota > Metazoa > Chordata > Craniata > Vertebrata > Euteleostomi > Lepidosauria > Squamata > Bifurcata > Unidentata > Episquamata > Toxicofera > Anguimorpha > Paleoanguimorpha > Varanoidea > Varanidae > Varanus
A0A4W4EBY4,Electrophorus electricus,Eukaryota > Metazoa > Chordata > Craniata > Vertebrata > Euteleostomi > Actinopterygii > Neopterygii > Teleostei > Ostariophysi > Gymnotiformes > Gymnotoidei > Gymnotidae > Electrophorus
A0A4W4ED52,Electrophorus electricus,Eukaryota > Metazoa > Chordata > Craniata > Vertebrata > Euteleostomi > Actinopterygii > Neopterygii > Teleostei > Ostariophysi > Gymnotiformes > Gymnotoidei > Gymnotidae > Electrophorus
A0A8D0EL55,Strix occidentalis caurina,Eukaryota > Metazoa > Chordata > Craniata > Vertebrata > Euteleostomi > Archelosauria > Archosauria > Dinosauria > Saurischia > Theropoda > Coelurosauria > Aves > Neognathae > Neoaves > Telluraves > Strigiformes > Strigidae > Strix
A0A8C6ZVV5,Nothoprocta perdicaria,Eukaryota > Metazoa > Chordata > Craniata > Vertebrata > Euteleostomi > Archelosauria > Archosauria > Dinosauria > Saurischia > Theropoda > Coelurosauria > Aves > Palaeognathae > Tinamiformes > Tinamidae > Nothoprocta
A0A8B9L2S6,Astyanax mexicanus,Eukaryota > Metazoa > Chordata > Craniata > Vertebrata > Euteleostomi > Actinopterygii > Neopterygii > Teleostei > Ostariophysi > Characiformes > Characoidei > Characidae > Astyanax
A0A4W4EAW2,Electrophorus electricus,Eukaryota > Metazoa > Chordata > Craniata > Vertebrata > Euteleostomi > Actinopterygii > Neopterygii > Teleostei > Ostariophysi > Gymnotiformes > Gymnotoidei > Gymnotidae > Electrophorus
A0A8D0BH92,Salvator merianae,Eukaryota > Metazoa > Chordata > Craniata > Vertebrata > Euteleostomi > Lepidosauria > Squamata > Bifurcata > Unidentata > Episquamata > Laterata > Teiioidea > Teiidae > Salvator
A0A3B4ERR1,Pygocentrus nattereri,Eukaryota > Metazoa > Chordata > Craniata > Vertebrata > Euteleostomi > Actinopterygii > Neopterygii > Teleostei > Ostariophysi > Characiformes > Characoidei > Pygocentrus
A0A5N5PS76,Pangasianodon hypophthalmus,Eukaryota > Metazoa > Chordata > Craniata > Vertebrata > Euteleostomi > Actinopterygii > Neopterygii > Teleostei > Ostariophysi > Siluriformes > Pangasiidae > Pangasianodon
A0AAR2KKP7,Pygocentrus nattereri,Eukaryota > Metazoa > Chordata > Craniata > Vertebrata > Euteleostomi > Actinopterygii > Neopterygii > Teleostei > Ostariophysi > Characiformes > Characoidei > Pygocentrus
P81139,Cavia porcellus,Eukaryota > Metazoa > Chordata > Craniata > Vertebrata > Euteleostomi > Mammalia > Eutheria > Euarchontoglires > Glires > Rodentia > Hystricomorpha > Caviidae > Cavia
A0A8C6NAR3,Melopsittacus undulatus,Eukaryota > Metazoa > Chordata > Craniata > Vertebrata > Euteleostomi > Archelosauria > Archosauria > Dinosauria > Saurischia > Theropoda > Coelurosauria > Aves > Neognathae > Neoaves > Telluraves > Australaves > Psittaciformes > Psittaculidae > Melopsittacus
H0V008,Cavia porcellus,Eukaryota > Metazoa > Chordata > Craniata > Vertebrata > Euteleostomi > Mammalia > Eutheria > Euarchontoglires > Glires > Rodentia > Hystricomorpha > Caviidae > Cavia
A0A8T2IV80,Hymenochirus boettgeri,Eukaryota > Metazoa > Chordata > Craniata > Vertebrata > Euteleostomi > Amphibia > Batrachia > Anura > Pipoidea > Pipidae > Pipinae > Hymenochirus
A0A670XZN6,Pseudonaja textilis,Eukaryota > Metazoa > Chordata > Craniata > Vertebrata > Euteleostomi > Lepidosauria > Squamata > Bifurcata > Unidentata > Episquamata > Toxicofera > Serpentes > Colubroidea > Elapidae > Acanthophiinae > Pseudonaja
A0A8T2NYW1,Albula glossodonta,Eukaryota > Metazoa > Chordata > Craniata > Vertebrata > Euteleostomi > Actinopterygii > Neopterygii > Teleostei > Albuliformes > Albulidae > Albula
A0A4W4ED15,Electrophorus electricus,Eukaryota > Metazoa > Chordata > Craniata > Vertebrata > Euteleostomi > Actinopterygii > Neopterygii > Teleostei > Ostariophysi > Gymnotiformes > Gymnotoidei > Gymnotidae > Electrophorus
A0A6J0Y1H7,Odocoileus virginianus texanus,Eukaryota > Metazoa > Chordata > Craniata > Vertebrata > Euteleostomi > Mammalia > Eutheria > Laurasiatheria > Artiodactyla > Ruminantia > Pecora > Cervidae > Odocoileinae > Odocoileus
A0A4W4EBA5,Electrophorus electricus,Eukaryota > Metazoa > Chordata > Craniata > Vertebrata > Euteleostomi > Actinopterygii > Neopterygii > Teleostei > Ostariophysi > Gymnotiformes > Gymnotoidei > Gymnotidae > Electrophorus
A0A8J0TDR0,Xenopus laevis,Eukaryota > Metazoa > Chordata > Craniata > Vertebrata > Euteleostomi > Amphibia > Batrachia > Anura > Pipoidea > Pipidae > Xenopodinae > Xenopus > Xenopus
A0A444UBU2,Acipenser ruthenus,Eukaryota > Metazoa > Chordata > Craniata > Vertebrata > Euteleostomi > Actinopterygii > Chondrostei > Acipenseriformes > Acipenseridae > Acipenser
A0A2K6PZ83,Rhinopithecus roxellana,Eukaryota > Metazoa > Chordata > Craniata > Vertebrata > Euteleostomi > Mammalia > Eutheria > Euarchontoglires > Primates > Haplorrhini > Catarrhini > Cercopithecidae > Colobinae > Rhinopithecus
A0A663EHH5,Aquila chrysaetos chrysaetos,Eukaryota > Metazoa > Chordata > Craniata > Vertebrata > Euteleostomi > Archelosauria > Archosauria > Dinosauria > Saurischia > Theropoda > Coelurosauria > Aves > Neognathae > Neoaves > Telluraves > Accipitrimorphae > Accipitriformes > Accipitridae > Accipitrinae > Aquila
A0A8B9RQA4,Accipiter nisus,Eukaryota > Metazoa > Chordata > Craniata > Vertebrata > Euteleostomi > Archelosauria > Archosauria > Dinosauria > Saurischia > Theropoda > Coelurosauria > Aves > Neognathae > Neoaves > Telluraves > Accipitrimorphae > Accipitriformes > Accipitridae > Accipitrinae > Accipiter
A0A4W3JFJ6,Callorhinchus milii,Eukaryota > Metazoa > Chordata > Craniata > Vertebrata > Chondrichthyes > Holocephali > Chimaeriformes > Callorhinchidae > Callorhinchus
A0AAR2K0D7,Pygocentrus nattereri,Eukaryota > Metazoa > Chordata > Craniata > Vertebrata > Euteleostomi > Actinopterygii > Neopterygii > Teleostei > Ostariophysi > Characiformes > Characoidei > Pygocentrus
A0A4W3JJF6,Callorhinchus milii,Eukaryota > Metazoa > Chordata > Craniata > Vertebrata > Chondrichthyes > Holocephali > Chimaeriformes > Callorhinchidae > Callorhinchus
A0A6A1QB07,Balaenoptera physalus,Eukaryota > Metazoa > Chordata > Craniata > Vertebrata > Euteleostomi > Mammalia > Eutheria > Laurasiatheria > Artiodactyla > Whippomorpha > Cetacea > Mysticeti > Balaenopteridae > Balaenoptera
A0A6Q2X587,Esox lucius,Eukaryota > Metazoa > Chordata > Craniata > Vertebrata > Euteleostomi > Actinopterygii > Neopterygii > Teleostei > Protacanthopterygii > Esociformes > Esocidae > Esox
A0A4W3JJE3,Callorhinchus milii,Eukaryota > Metazoa > Chordata > Craniata > Vertebrata > Chondrichthyes > Holocephali > Chimaeriformes > Callorhinchidae > Callorhinchus
A0A6I8N1V1,Ornithorhynchus anatinus,Eukaryota > Metazoa > Chordata > Craniata > Vertebrata > Euteleostomi > Mammalia > Monotremata > Ornithorhynchidae > Ornithorhynchus
A0A4W3J7S7,Callorhinchus milii,Eukaryota > Metazoa > Chordata > Craniata > Vertebrata > Chondrichthyes > Holocephali > Chimaeriformes > Callorhinchidae > Callorhinchus
A0A8C4G0B1,Denticeps clupeoides,Eukaryota > Metazoa > Chordata > Craniata > Vertebrata > Euteleostomi > Actinopterygii > Neopterygii > Teleostei > Clupei > Clupeiformes > Denticipitoidei > Denticipitidae > Denticeps
A0A5N3VS36,Muntiacus muntjak,Eukaryota > Metazoa > Chordata > Craniata > Vertebrata > Euteleostomi > Mammalia > Eutheria > Laurasiatheria > Artiodactyla > Ruminantia > Pecora > Cervidae > Muntiacinae > Muntiacus
A0A974CDM8,Xenopus laevis,Eukaryota > Metazoa > Chordata > Craniata > Vertebrata > Euteleostomi > Amphibia > Batrachia > Anura > Pipoidea > Pipidae > Xenopodinae > Xenopus > Xenopus
A0A401SKU9,Chiloscyllium punctatum,Eukaryota > Metazoa > Chordata > Craniata > Vertebrata > Chondrichthyes > Elasmobranchii > Galeomorphii > Galeoidea > Orectolobiformes > Hemiscylliidae > Chiloscyllium
A0A4W3JFI2,Callorhinchus milii,Eukaryota > Metazoa > Chordata > Craniata > Vertebrata > Chondrichthyes > Holocephali > Chimaeriformes > Callorhinchidae > Callorhinchus
A0A8D2Q102,Zosterops lateralis melanops,Eukaryota > Metazoa > Chordata > Craniata > Vertebrata > Euteleostomi > Archelosauria > Archosauria > Dinosauria > Saurischia > Theropoda > Coelurosauria > Aves > Neognathae > Neoaves > Telluraves > Australaves > Passeriformes > Sylvioidea > Zosteropidae > Zosterops
A0A8D2QVN9,Zosterops lateralis melanops,Eukaryota > Metazoa > Chordata > Craniata > Vertebrata > Euteleostomi > Archelosauria > Archosauria > Dinosauria > Saurischia > Theropoda > Coelurosauria > Aves > Neognathae > Neoaves > Telluraves > Australaves > Passeriformes > Sylvioidea > Zosteropidae > Zosterops
A0A0N9DSC8,Lipotes vexillifer,Eukaryota > Metazoa > Chordata > Craniata > Vertebrata > Euteleostomi > Mammalia > Eutheria > Laurasiatheria > Artiodactyla > Whippomorpha > Cetacea > Odontoceti > Lipotidae > Lipotes
A0A8C0BE76,Buteo japonicus,Eukaryota > Metazoa > Chordata > Craniata > Vertebrata > Euteleostomi > Archelosauria > Archosauria > Dinosauria > Saurischia > Theropoda > Coelurosauria > Aves > Neognathae > Neoaves > Telluraves > Accipitrimorphae > Accipitriformes > Accipitridae > Accipitrinae > Buteo
A0A1B8XXZ6,Xenopus tropicalis,Eukaryota > Metazoa > Chordata > Craniata > Vertebrata > Euteleostomi > Amphibia > Batrachia > Anura > Pipoidea > Pipidae > Xenopodinae > Xenopus > Silurana
A0A8C4YP84,Gopherus evgoodei,Eukaryota > Metazoa > Chordata > Craniata > Vertebrata > Euteleostomi > Archelosauria > Testudinata > Testudines > Cryptodira > Durocryptodira > Testudinoidea > Testudinidae > Gopherus
A0A803K5K1,Xenopus tropicalis,Eukaryota > Metazoa > Chordata > Craniata > Vertebrata > Euteleostomi > Amphibia > Batrachia > Anura > Pipoidea > Pipidae > Xenopodinae > Xenopus > Silurana
A0A4W4EC63,Electrophorus electricus,Eukaryota > Metazoa > Chordata > Craniata > Vertebrata > Euteleostomi > Actinopterygii > Neopterygii > Teleostei > Ostariophysi > Gymnotiformes > Gymnotoidei > Gymnotidae > Electrophorus
A0A2L1IV17,Mustelus mustelus,Eukaryota > Metazoa > Chordata > Craniata > Vertebrata > Chondrichthyes > Elasmobranchii > Galeomorphii > Galeoidea > Carcharhiniformes > Triakidae > Mustelus
A0A8C4M4S9,Equus asinus asinus,Eukaryota > Metazoa > Chordata > Craniata > Vertebrata > Euteleostomi > Mammalia > Eutheria > Laurasiatheria > Perissodactyla > Equidae > Equus
A0A8C9T5L8,Scleropages formosus,Eukaryota > Metazoa > Chordata > Craniata > Vertebrata > Euteleostomi > Actinopterygii > Neopterygii > Teleostei > Osteoglossocephala > Osteoglossomorpha > Osteoglossiformes > Osteoglossidae > Scleropages
A0A8T2IXR1,Hymenochirus boettgeri,Eukaryota > Metazoa > Chordata > Craniata > Vertebrata > Euteleostomi > Amphibia > Batrachia > Anura > Pipoidea > Pipidae > Pipinae > Hymenochirus
A0A9F7R5B5,Ictalurus punctatus,Eukaryota > Metazoa > Chordata > Craniata > Vertebrata > Euteleostomi > Actinopterygii > Neopterygii > Teleostei > Ostariophysi > Siluriformes > Ictaluridae > Ictalurus
A0A6P8GHE4,Clupea harengus,Eukaryota > Metazoa > Chordata > Craniata > Vertebrata > Euteleostomi > Actinopterygii > Neopterygii > Teleostei > Clupei > Clupeiformes > Clupeoidei > Clupeidae > Clupea
A0A6P8GD49,Clupea harengus,Eukaryota > Metazoa > Chordata > Craniata > Vertebrata > Euteleostomi > Actinopterygii > Neopterygii > Teleostei > Clupei > Clupeiformes > Clupeoidei > Clupeidae > Clupea
A0A8D2IL63,Urocitellus parryii,Eukaryota > Metazoa > Chordata > Craniata > Vertebrata > Euteleostomi > Mammalia > Eutheria > Euarchontoglires > Glires > Rodentia > Sciuromorpha > Sciuridae > Xerinae > Marmotini > Urocitellus
A0A8D2IRV4,Urocitellus parryii,Eukaryota > Metazoa > Chordata > Craniata > Vertebrata > Euteleostomi > Mammalia > Eutheria > Euarchontoglires > Glires > Rodentia > Sciuromorpha > Sciuridae > Xerinae > Marmotini > Urocitellus
A0A8C4QYG6,Eptatretus burgeri,Eukaryota > Metazoa > Chordata > Craniata > Vertebrata > Cyclostomata > Myxini > Myxiniformes > Myxinidae > Eptatretinae > Eptatretus
A0A4W3JFI6,Callorhinchus milii,Eukaryota > Metazoa > Chordata > Craniata > Vertebrata > Chondrichthyes > Holocephali > Chimaeriformes > Callorhinchidae > Callorhinchus
A0A9D3WW50,Mauremys mutica,Eukaryota > Metazoa > Chordata > Craniata > Vertebrata > Euteleostomi > Archelosauria > Testudinata > Testudines > Cryptodira > Durocryptodira > Testudinoidea > Geoemydidae > Geoemydinae > Mauremys
A0A8T2IZK5,Hymenochirus boettgeri,Eukaryota > Metazoa > Chordata > Craniata > Vertebrata > Euteleostomi > Amphibia > Batrachia > Anura > Pipoidea > Pipidae > Pipinae > Hymenochirus
H1A1Q1,Taeniopygia guttata,Eukaryota > Metazoa > Chordata > Craniata > Vertebrata > Euteleostomi > Archelosauria > Archosauria > Dinosauria > Saurischia > Theropoda > Coelurosauria > Aves > Neognathae > Neoaves > Telluraves > Australaves > Passeriformes > Passeroidea > Estrildidae > Estrildinae > Taeniopygia
A0A6J0Y1H9,Odocoileus virginianus texanus,Eukaryota > Metazoa > Chordata > Craniata > Vertebrata > Euteleostomi > Mammalia > Eutheria > Laurasiatheria > Artiodactyla > Ruminantia > Pecora > Cervidae > Odocoileinae > Odocoileus
A0A8J6BLC8,Eleutherodactylus coqui,Eukaryota > Metazoa > Chordata > Craniata > Vertebrata > Euteleostomi > Amphibia > Batrachia > Anura > Neobatrachia > Hyloidea > Eleutherodactylidae > Eleutherodactylinae > Eleutherodactylus > Eleutherodactylus
A0AAD4Y1E4,Ovis ammon polii,Eukaryota > Metazoa > Chordata > Craniata > Vertebrata > Euteleostomi > Mammalia > Eutheria > Laurasiatheria > Artiodactyla > Ruminantia > Pecora > Bovidae > Caprinae > Ovis
A0A8D2ILL3,Urocitellus parryii,Eukaryota > Metazoa > Chordata > Craniata > Vertebrata > Euteleostomi > Mammalia > Eutheria > Euarchontoglires > Glires > Rodentia > Sciuromorpha > Sciuridae > Xerinae > Marmotini > Urocitellus
F7AFG4,Xenopus tropicalis,Eukaryota > Metazoa > Chordata > Craniata > Vertebrata > Euteleostomi > Amphibia > Batrachia > Anura > Pipoidea > Pipidae > Xenopodinae > Xenopus > Silurana
A0A8C5QJ46,Leptobrachium leishanense,Eukaryota > Metazoa > Chordata > Craniata > Vertebrata > Euteleostomi > Amphibia > Batrachia > Anura > Pelobatoidea > Megophryidae > Leptobrachium
A0AAJ7T179,Petromyzon marinus,Eukaryota > Metazoa > Chordata > Craniata > Vertebrata > Cyclostomata > Hyperoartia > Petromyzontiformes > Petromyzontidae > Petromyzon
A0AAJ7SZB0,Petromyzon marinus,Eukaryota > Metazoa > Chordata > Craniata > Vertebrata > Cyclostomata > Hyperoartia > Petromyzontiformes > Petromyzontidae > Petromyzon
A0A8T2ISC2,Hymenochirus boettgeri,Eukaryota > Metazoa > Chordata > Craniata > Vertebrata > Euteleostomi > Amphibia > Batrachia > Anura > Pipoidea > Pipidae > Pipinae > Hymenochirus
A0A1B8Y313,Xenopus tropicalis,Eukaryota > Metazoa > Chordata > Craniata > Vertebrata > Euteleostomi > Amphibia > Batrachia > Anura > Pipoidea > Pipidae > Xenopodinae > Xenopus > Silurana
A0A8J1L8Q9,Xenopus laevis,Eukaryota > Metazoa > Chordata > Craniata > Vertebrata > Euteleostomi > Amphibia > Batrachia > Anura > Pipoidea > Pipidae > Xenopodinae > Xenopus > Xenopus
A0A4W4EDS8,Electrophorus electricus,Eukaryota > Metazoa > Chordata > Craniata > Vertebrata > Euteleostomi > Actinopterygii > Neopterygii > Teleostei > Ostariophysi > Gymnotiformes > Gymnotoidei > Gymnotidae > Electrophorus
A0A8J1JZS8,Xenopus tropicalis,Eukaryota > Metazoa > Chordata > Craniata > Vertebrata > Euteleostomi > Amphibia > Batrachia > Anura > Pipoidea > Pipidae > Xenopodinae > Xenopus > Silurana
A0A6I8R2S8,Xenopus tropicalis,Eukaryota > Metazoa > Chordata > Craniata > Vertebrata > Euteleostomi > Amphibia > Batrachia > Anura > Pipoidea > Pipidae > Xenopodinae > Xenopus > Silurana
A0A2K6FDP4,Propithecus coquereli,Eukaryota > Metazoa > Chordata > Craniata > Vertebrata > Euteleostomi > Mammalia > Eutheria > Euarchontoglires > Primates > Strepsirrhini > Lemuriformes > Indriidae > Propithecus
A0A8J1JY69,Xenopus tropicalis,Eukaryota > Metazoa > Chordata > Craniata > Vertebrata > Euteleostomi > Amphibia > Batrachia > Anura > Pipoidea > Pipidae > Xenopodinae > Xenopus > Silurana
A0A218UI87,Lonchura striata,Eukaryota > Metazoa > Chordata > Craniata > Vertebrata > Euteleostomi > Archelosauria > Archosauria > Dinosauria > Saurischia > Theropoda > Coelurosauria > Aves > Neognathae > Neoaves > Telluraves > Australaves > Passeriformes > Passeroidea > Estrildidae > Estrildinae > Lonchura
A0AAD8G584,Acipenser oxyrinchus oxyrinchus,Eukaryota > Metazoa > Chordata > Craniata > Vertebrata > Euteleostomi > Actinopterygii > Chondrostei > Acipenseriformes > Acipenseridae > Acipenser
A0A8J7P2R0,Atractosteus spatula,Eukaryota > Metazoa > Chordata > Craniata > Vertebrata > Euteleostomi > Actinopterygii > Neopterygii > Holostei > Semionotiformes > Lepisosteidae > Atractosteus
S4RXP5,Petromyzon marinus,Eukaryota > Metazoa > Chordata > Craniata > Vertebrata > Cyclostomata > Hyperoartia > Petromyzontiformes > Petromyzontidae > Petromyzon
A0A452E9I7,Capra hircus,Eukaryota > Metazoa > Chordata > Craniata > Vertebrata > Euteleostomi > Mammalia > Eutheria > Laurasiatheria > Artiodactyla > Ruminantia > Pecora > Bovidae > Caprinae > Capra
A0A668AWR1,Myripristis murdjan,Eukaryota > Metazoa > Chordata > Craniata > Vertebrata > Euteleostomi > Actinopterygii > Neopterygii > Teleostei > Neoteleostei > Acanthomorphata > Holocentriformes > Holocentridae > Myripristis
A0A8C4PPM7,Equus asinus asinus,Eukaryota > Metazoa > Chordata > Craniata > Vertebrata > Euteleostomi > Mammalia > Eutheria > Laurasiatheria > Perissodactyla > Equidae > Equus
A0A7D9NM11,Xenopus tropicalis,Eukaryota > Metazoa > Chordata > Craniata > Vertebrata > Euteleostomi > Amphibia > Batrachia > Anura > Pipoidea > Pipidae > Xenopodinae > Xenopus > Silurana
A0A8C9J038,Panthera tigris altaica,Eukaryota > Metazoa > Chordata > Craniata > Vertebrata > Euteleostomi > Mammalia > Eutheria > Laurasiatheria > Carnivora > Feliformia > Felidae > Pantherinae > Panthera
A0A8C5WI63,Leptobrachium leishanense,Eukaryota > Metazoa > Chordata > Craniata > Vertebrata > Euteleostomi > Amphibia > Batrachia > Anura > Pelobatoidea > Megophryidae > Leptobrachium
A0A803KBU7,Xenopus tropicalis,Eukaryota > Metazoa > Chordata > Craniata > Vertebrata > Euteleostomi > Amphibia > Batrachia > Anura > Pipoidea > Pipidae > Xenopodinae > Xenopus > Silurana
A0A8C6ZVL6,Nothoprocta perdicaria,Eukaryota > Metazoa > Chordata > Craniata > Vertebrata > Euteleostomi > Archelosauria > Archosauria > Dinosauria > Saurischia > Theropoda > Coelurosauria > Aves > Palaeognathae > Tinamiformes > Tinamidae > Nothoprocta
A0AAD1TBM3,Pelobates cultripes,Eukaryota > Metazoa > Chordata > Craniata > Vertebrata > Euteleostomi > Amphibia > Batrachia > Anura > Pelobatoidea > Pelobatidae > Pelobates
A0A668ASF9,Myripristis murdjan,Eukaryota > Metazoa > Chordata > Craniata > Vertebrata > Euteleostomi > Actinopterygii > Neopterygii > Teleostei > Neoteleostei > Acanthomorphata > Holocentriformes > Holocentridae > Myripristis
A0A2G9RGN1,Aquarana catesbeiana,Eukaryota > Metazoa > Chordata > Craniata > Vertebrata > Euteleostomi > Amphibia > Batrachia > Anura > Neobatrachia > Ranoidea > Ranidae > Aquarana
A0A1S3FB34,Dipodomys ordii,Eukaryota > Metazoa > Chordata > Craniata > Vertebrata > Euteleostomi > Mammalia > Eutheria > Euarchontoglires > Glires > Rodentia > Castorimorpha > Heteromyidae > Dipodomyinae > Dipodomys
A0A1S3F9A3,Dipodomys ordii,Eukaryota > Metazoa > Chordata > Craniata > Vertebrata > Euteleostomi > Mammalia > Eutheria > Euarchontoglires > Glires > Rodentia > Castorimorpha > Heteromyidae > Dipodomyinae > Dipodomys
A0A8C6ZR00,Nothoprocta perdicaria,Eukaryota > Metazoa > Chordata > Craniata > Vertebrata > Euteleostomi > Archelosauria > Archosauria > Dinosauria > Saurischia > Theropoda > Coelurosauria > Aves > Palaeognathae > Tinamiformes > Tinamidae > Nothoprocta
A0A556TN80,Bagarius yarrelli,Eukaryota > Metazoa > Chordata > Craniata > Vertebrata > Euteleostomi > Actinopterygii > Neopterygii > Teleostei > Ostariophysi > Siluriformes > Sisoridae > Sisorinae > Bagarius
F6R032,Xenopus tropicalis,Eukaryota > Metazoa > Chordata > Craniata > Vertebrata > Euteleostomi > Amphibia > Batrachia > Anura > Pipoidea > Pipidae > Xenopodinae > Xenopus > Silurana
A0A0Q3USK1,Amazona aestiva,Eukaryota > Metazoa > Chordata > Craniata > Vertebrata > Euteleostomi > Archelosauria > Archosauria > Dinosauria > Saurischia > Theropoda > Coelurosauria > Aves > Neognathae > Neoaves > Telluraves > Australaves > Psittaciformes > Psittacidae > Amazona
A0A2Y9FZH9,Trichechus manatus latirostris,Eukaryota > Metazoa > Chordata > Craniata > Vertebrata > Euteleostomi > Mammalia > Eutheria > Afrotheria > Sirenia > Trichechidae > Trichechus
A0A8J1LB88,Xenopus laevis,Eukaryota > Metazoa > Chordata > Craniata > Vertebrata > Euteleostomi > Amphibia > Batrachia > Anura > Pipoidea > Pipidae > Xenopodinae > Xenopus > Xenopus
A0A8C4JZA4,Dromaius novaehollandiae,Eukaryota > Metazoa > Chordata > Craniata > Vertebrata > Euteleostomi > Archelosauria > Archosauria > Dinosauria > Saurischia > Theropoda > Coelurosauria > Aves > Palaeognathae > Casuariiformes > Dromaiidae > Dromaius
A0A3B4VGY1,Seriola dumerili,Eukaryota > Metazoa > Chordata > Craniata > Vertebrata > Euteleostomi > Actinopterygii > Neopterygii > Teleostei > Neoteleostei > Acanthomorphata > Carangaria > Carangiformes > Carangidae > Seriola
A0A0G2QUS7,Pagrus major,Eukaryota > Metazoa > Chordata > Craniata > Vertebrata > Euteleostomi > Actinopterygii > Neopterygii > Teleostei > Neoteleostei > Acanthomorphata > Eupercaria > Spariformes > Sparidae > Pagrus
A0A6P7JQX9,Parambassis ranga,Eukaryota > Metazoa > Chordata > Craniata > Vertebrata > Euteleostomi > Actinopterygii > Neopterygii > Teleostei > Neoteleostei > Acanthomorphata > Ovalentaria > Ambassidae > Parambassis
A0A8B7J2M6,Apteryx mantelli mantelli,Eukaryota > Metazoa > Chordata > Craniata > Vertebrata > Euteleostomi > Archelosauria > Archosauria > Dinosauria > Saurischia > Theropoda > Coelurosauria > Aves > Palaeognathae > Apterygiformes > Apterygidae > Apteryx > Apteryx mantelli
A0A3Q1HHH8,Anabas testudineus,Eukaryota > Metazoa > Chordata > Craniata > Vertebrata > Euteleostomi > Actinopterygii > Neopterygii > Teleostei > Neoteleostei > Acanthomorphata > Anabantaria > Anabantiformes > Anabantoidei > Anabantidae > Anabas
A0A8T2IVY1,Hymenochirus boettgeri,Eukaryota > Metazoa > Chordata > Craniata > Vertebrata > Euteleostomi > Amphibia > Batrachia > Anura > Pipoidea > Pipidae > Pipinae > Hymenochirus
A0A8C0BCK3,Buteo japonicus,Eukaryota > Metazoa > Chordata > Craniata > Vertebrata > Euteleostomi > Archelosauria > Archosauria > Dinosauria > Saurischia > Theropoda > Coelurosauria > Aves > Neognathae > Neoaves > Telluraves > Accipitrimorphae > Accipitriformes > Accipitridae > Accipitrinae > Buteo
A0A4U5VAV2,Collichthys lucidus,Eukaryota > Metazoa > Chordata > Craniata > Vertebrata > Euteleostomi > Actinopterygii > Neopterygii > Teleostei > Neoteleostei > Acanthomorphata > Eupercaria > Sciaenidae > Collichthys
A0A6G0HMK8,Larimichthys crocea,Eukaryota > Metazoa > Chordata > Craniata > Vertebrata > Euteleostomi > Actinopterygii > Neopterygii > Teleostei > Neoteleostei > Acanthomorphata > Eupercaria > Sciaenidae > Larimichthys
A0A8C4ESE5,Dicentrarchus labrax,Eukaryota > Metazoa > Chordata > Craniata > Vertebrata > Euteleostomi > Actinopterygii > Neopterygii > Teleostei > Neoteleostei > Acanthomorphata > Eupercaria > Moronidae > Dicentrarchus
A0A6Q2YD55,Esox lucius,Eukaryota > Metazoa > Chordata > Craniata > Vertebrata > Euteleostomi > Actinopterygii > Neopterygii > Teleostei > Protacanthopterygii > Esociformes > Esocidae > Esox
U3U5J0,Thunnus orientalis,Eukaryota > Metazoa > Chordata > Craniata > Vertebrata > Euteleostomi > Actinopterygii > Neopterygii > Teleostei > Neoteleostei > Acanthomorphata > Pelagiaria > Scombriformes > Scombridae > Thunnus
A0A6A5DSD9,Perca fluviatilis,Eukaryota > Metazoa > Chordata > Craniata > Vertebrata > Euteleostomi > Actinopterygii > Neopterygii > Teleostei > Neoteleostei > Acanthomorphata > Eupercaria > Perciformes > Percoidei > Percidae > Percinae > Perca
A0A8P4K954,Dicentrarchus labrax,Eukaryota > Metazoa > Chordata > Craniata > Vertebrata > Euteleostomi > Actinopterygii > Neopterygii > Teleostei > Neoteleostei > Acanthomorphata > Eupercaria > Moronidae > Dicentrarchus
A0AAJ8BIY0,Lates calcarifer,Eukaryota > Metazoa > Chordata > Craniata > Vertebrata > Euteleostomi > Actinopterygii > Neopterygii > Teleostei > Neoteleostei > Acanthomorphata > Carangaria > Carangaria incertae sedis > Centropomidae > Lates
A0A671UIP6,Sparus aurata,Eukaryota > Metazoa > Chordata > Craniata > Vertebrata > Euteleostomi > Actinopterygii > Neopterygii > Teleostei > Neoteleostei > Acanthomorphata > Eupercaria > Spariformes > Sparidae > Sparus
A0A671UH29,Sparus aurata,Eukaryota > Metazoa > Chordata > Craniata > Vertebrata > Euteleostomi > Actinopterygii > Neopterygii > Teleostei > Neoteleostei > Acanthomorphata > Eupercaria > Spariformes > Sparidae > Sparus
A0A8C4JU52,Dromaius novaehollandiae,Eukaryota > Metazoa > Chordata > Craniata > Vertebrata > Euteleostomi > Archelosauria > Archosauria > Dinosauria > Saurischia > Theropoda > Coelurosauria > Aves > Palaeognathae > Casuariiformes > Dromaiidae > Dromaius
A0A8C8VMK0,Pelusios castaneus,Eukaryota > Metazoa > Chordata > Craniata > Vertebrata > Euteleostomi > Archelosauria > Testudinata > Testudines > Pleurodira > Pelomedusidae > Pelusios
A0A673BDC4,Sphaeramia orbicularis,Eukaryota > Metazoa > Chordata > Craniata > Vertebrata > Euteleostomi > Actinopterygii > Neopterygii > Teleostei > Neoteleostei > Acanthomorphata > Gobiaria > Kurtiformes > Apogonoidei > Apogonidae > Apogoninae > Sphaeramia
A0A673BDP1,Sphaeramia orbicularis,Eukaryota > Metazoa > Chordata > Craniata > Vertebrata > Euteleostomi > Actinopterygii > Neopterygii > Teleostei > Neoteleostei > Acanthomorphata > Gobiaria > Kurtiformes > Apogonoidei > Apogonidae > Apogoninae > Sphaeramia
A0A673BGC9,Sphaeramia orbicularis,Eukaryota > Metazoa > Chordata > Craniata > Vertebrata > Euteleostomi > Actinopterygii > Neopterygii > Teleostei > Neoteleostei > Acanthomorphata > Gobiaria > Kurtiformes > Apogonoidei > Apogonidae > Apogoninae > Sphaeramia
A0A3B4XV19,Seriola lalandi dorsalis,Eukaryota > Metazoa > Chordata > Craniata > Vertebrata > Euteleostomi > Actinopterygii > Neopterygii > Teleostei > Neoteleostei > Acanthomorphata > Carangaria > Carangiformes > Carangidae > Seriola
A0A4W6EAN7,Lates calcarifer,Eukaryota > Metazoa > Chordata > Craniata > Vertebrata > Euteleostomi > Actinopterygii > Neopterygii > Teleostei > Neoteleostei > Acanthomorphata > Carangaria > Carangaria incertae sedis > Centropomidae > Lates
A0A8C4JV52,Dromaius novaehollandiae,Eukaryota > Metazoa > Chordata > Craniata > Vertebrata > Euteleostomi > Archelosauria > Archosauria > Dinosauria > Saurischia > Theropoda > Coelurosauria > Aves > Palaeognathae > Casuariiformes > Dromaiidae > Dromaius
A0A673BFZ1,Sphaeramia orbicularis,Eukaryota > Metazoa > Chordata > Craniata > Vertebrata > Euteleostomi > Actinopterygii > Neopterygii > Teleostei > Neoteleostei > Acanthomorphata > Gobiaria > Kurtiformes > Apogonoidei > Apogonidae > Apogoninae > Sphaeramia
A0A2I4BZQ3,Austrofundulus limnaeus,Eukaryota > Metazoa > Chordata > Craniata > Vertebrata > Euteleostomi > Actinopterygii > Neopterygii > Teleostei > Neoteleostei > Acanthomorphata > Ovalentaria > Atherinomorphae > Cyprinodontiformes > Rivulidae > Austrofundulus
D3TJH2,Epinephelus coioides,Eukaryota > Metazoa > Chordata > Craniata > Vertebrata > Euteleostomi > Actinopterygii > Neopterygii > Teleostei > Neoteleostei > Acanthomorphata > Eupercaria > Perciformes > Serranoidei > Serranidae > Epinephelinae > Epinephelini > Epinephelus
A0A8C5QS63,Leptobrachium leishanense,Eukaryota > Metazoa > Chordata > Craniata > Vertebrata > Euteleostomi > Amphibia > Batrachia > Anura > Pelobatoidea > Megophryidae > Leptobrachium
A0A8C3YPG0,Catagonus wagneri,Eukaryota > Metazoa > Chordata > Craniata > Vertebrata > Euteleostomi > Mammalia > Eutheria > Laurasiatheria > Artiodactyla > Suina > Tayassuidae > Catagonus
A0A8P4K9C1,Dicentrarchus labrax,Eukaryota > Metazoa > Chordata > Craniata > Vertebrata > Euteleostomi > Actinopterygii > Neopterygii > Teleostei > Neoteleostei > Acanthomorphata > Eupercaria > Moronidae > Dicentrarchus
A0A2G9R8H1,Aquarana catesbeiana,Eukaryota > Metazoa > Chordata > Craniata > Vertebrata > Euteleostomi > Amphibia > Batrachia > Anura > Neobatrachia > Ranoidea > Ranidae > Aquarana
A0A8C3H3P5,Corvus moneduloides,Eukaryota > Metazoa > Chordata > Craniata > Vertebrata > Euteleostomi > Archelosauria > Archosauria > Dinosauria > Saurischia > Theropoda > Coelurosauria > Aves > Neognathae > Neoaves > Telluraves > Australaves > Passeriformes > Corvoidea > Corvidae > Corvus
A0A8N5F077,Geospiza fortis,Eukaryota > Metazoa > Chordata > Craniata > Vertebrata > Euteleostomi > Archelosauria > Archosauria > Dinosauria > Saurischia > Theropoda > Coelurosauria > Aves > Neognathae > Neoaves > Telluraves > Australaves > Passeriformes > Thraupidae > Geospiza
A0A3B3ZYC7,Periophthalmus magnuspinnatus,Eukaryota > Metazoa > Chordata > Craniata > Vertebrata > Euteleostomi > Actinopterygii > Neopterygii > Teleostei > Neoteleostei > Acanthomorphata > Gobiaria > Gobiiformes > Gobioidei > Gobiidae > Oxudercinae > Periophthalmus
A0A556TN64,Bagarius yarrelli,Eukaryota > Metazoa > Chordata > Craniata > Vertebrata > Euteleostomi > Actinopterygii > Neopterygii > Teleostei > Ostariophysi > Siluriformes > Sisoridae > Sisorinae > Bagarius
A0A8C4JT21,Dromaius novaehollandiae,Eukaryota > Metazoa > Chordata > Craniata > Vertebrata > Euteleostomi > Archelosauria > Archosauria > Dinosauria > Saurischia > Theropoda > Coelurosauria > Aves > Palaeognathae > Casuariiformes > Dromaiidae > Dromaius
A0A0P7V6I6,Scleropages formosus,Eukaryota > Metazoa > Chordata > Craniata > Vertebrata > Euteleostomi > Actinopterygii > Neopterygii > Teleostei > Osteoglossocephala > Osteoglossomorpha > Osteoglossiformes > Osteoglossidae > Scleropages
